IdArticulo;Cantidad;
10.034-BLA-L;191;
10.034-BLA-XL;82;
10.034-NEG-L;262;
10.034-NEG-M;152;
10.034-NEG-XL;70;
10.034-TOS-L;321;
10.034-TOS-M;121;
10.034-TOS-XL;165;
10.07-AZU-L;273;
10.07-AZU-XL;373;
10.07-BCO-L;1000;
10.07-BCO-M;1000;
10.07-BCO-S;1000;
10.07-BCO-XL;1000;
10.07-BEI-L;1000;
10.07-BEI-M;1000;
10.07-BEI-S;1000;
10.07-BEI-XL;1000;
10.07-NEG-S;109;
10.07-NEG-XL;12;
10.09-BCO-L;1000;
10.09-BCO-M;1000;
10.09-BCO-XL;79;
10.09-BEI-L;238;
10.09-BEI-M;287;
10.09-BEI-XL;279;
10.09-NEG-L;146;
10.09-NEG-S;76;
10.105-BCO-L;1000;
10.105-BCO-M;1000;
10.105-BCO-XL;1000;
10.105-NEG-L;1000;
10.105-NEG-M;1000;
10.105-NEG-XL;1000;
10.108-BEI-L;166;
10.108-BEI-M;1000;
10.108-BEI-S;605;
10.108-BEI-XL;235;
10.108-BLA-L;414;
10.108-BLA-M;327;
10.108-BLA-S;121;
10.108-BLA-XL;212;
10.108-NEG-L;290;
10.108-NEG-M;317;
10.108-NEG-S;201;
10.108-NEG-XL;183;
10.128-BEI-L;101;
10.128-BEI-XL;131;
10.128-NEG-L;107;
10.128-NEG-M;51;
10.128-NEG-XL;27;
10.142-BEI-L;130;
10.142-BEI-XL;250;
10.142-BLA-L;740;
10.142-BLA-XL;1000;
10.142-NEG-L;65;
10.15-BCO-L;1000;
10.15-BCO-M;1000;
10.15-BCO-XL;1000;
10.15-BEI-L;1000;
10.15-BEI-M;1000;
10.15-BEI-XL;1000;
10.182-BLA-L;1000;
10.182-BLA-M;1000;
10.182-BLA-XL;1000;
10.182-NEG-L;1000;
10.182-NEG-M;1000;
10.182-NEG-XL;1000;
10.184-BEI-L;280;
10.184-BEI-M;274;
10.184-BLA-L;640;
10.184-BLA-M;234;
10.184-BLA-S;111;
10.184-BLA-XL;238;
10.184-NEG-L;500;
10.184-NEG-M;497;
10.186-BEI-L;1000;
10.186-BEI-M;1000;
10.186-BEI-XL;1000;
10.186-BLA-L;1000;
10.186-BLA-M;1000;
10.186-BLA-XL;1000;
10.186-NEG-L;1000;
10.186-NEG-M;748;
10.186-NEG-XL;1000;
10.504-BEI-L;1000;
10.504-BEI-M;1000;
10.504-BEI-XL;1000;
10.504-BLA-L;1000;
10.504-BLA-M;1000;
10.504-BLA-XL;1000;
10.504-NEG-L;1000;
10.504-NEG-M;1000;
10.504-NEG-XL;712;
10.950-PET-L;752;
10.950-PET-M;547;
10.950-PET-XL;859;
101.00-BLA-UNI;483;
101.00-NAT-UNI;1000;
101.00-NEG-UNI;1000;
101.02-COG-2;885;
101.02-COG-3;1000;
101.02-COG-4;264;
101.02-GRA-2;1000;
101.02-GRA-3;1000;
101.02-NAT-3;273;
101.02-NEG-2;368;
101.02-NEG-3;1000;
101.05-GRA-3;501;
101.07-GRA-UNI;1000;
101.07-NAT-UNI;1000;
101.07-NEG-UNI;1000;
101.08-GRA-2;1000;
101.08-GRA-3;1000;
101.08-GRA-4;174;
101.08-NAT-2;1000;
101.08-NAT-3;1000;
101.08-NAT-4;300;
101.08-NEG-2;499;
101.08-NEG-3;600;
101.10-GRI-2;1000;
101.10-GRI-3;1000;
101.10-NEG-2;1000;
101.10-NEG-3;1000;
101.11-GRI-2;892;
101.11-GRI-3;1000;
101.11-NAT-2;822;
101.11-NAT-3;1000;
101.11-NEG-2;659;
101.11-NEG-3;1000;
101.12-GRI-2;1000;
101.12-GRI-3;1000;
101.12-NEG-2;1000;
101.12-NEG-3;1000;
101.26-BUR-UNI;1000;
101.26-CHO-UNI;845;
101.26-GRI-UNI;790;
101.26-NEG-UNI;576;
11.034-BLA-L;188;
11.034-BLA-XL;98;
11.034-NEG-L;138;
11.034-NEG-M;80;
11.034-NEG-S;6;
11.034-NEG-XL;37;
11.034-TOS-L;130;
11.034-TOS-M;72;
11.034-TOS-XL;60;
11.07-BCO-L;1000;
11.07-BCO-M;1000;
11.07-BCO-S;206;
11.07-BCO-XL;167;
11.07-BEI-L;610;
11.07-BEI-M;327;
11.07-BEI-S;626;
11.07-BEI-XL;146;
11.07-NEG-L;336;
11.07-NEG-M;84;
11.07-NEG-S;162;
11.07-NEG-XL;284;
11.103-BCO-L;1000;
11.103-BCO-M;563;
11.103-BCO-S;314;
11.103-BCO-XL;1000;
11.103-NEG-L;1000;
11.103-NEG-M;1000;
11.103-NEG-S;1000;
11.103-NEG-XL;1000;
11.105-BCO-L;1000;
11.105-BCO-XL;1000;
11.105-NEG-L;231;
11.105-PET-L;1000;
11.105-PET-M;1000;
11.105-PET-S;731;
11.105-PET-XL;1000;
11.105-UVA-L;113;
11.105-UVA-M;113;
11.105-UVA-S;91;
11.105-UVA-XL;395;
11.184-BEI-L;1000;
11.184-BEI-M;1000;
11.184-BEI-S;906;
11.184-BEI-XL;1000;
11.184-BLA-L;1000;
11.184-BLA-M;1000;
11.184-BLA-S;560;
11.184-BLA-XL;1000;
11.184-NEG-L;899;
11.184-NEG-M;337;
11.184-NEG-S;696;
11.184-NEG-XL;582;
110.040-BEI-L;143;
110.040-BEI-M;142;
110.040-BEI-XL;52;
110.040-BLA-L;7;
110.040-BLA-XL;16;
111.040-BEI-L;724;
111.040-BEI-XL;541;
111.040-BLA-L;1000;
111.040-BLA-M;604;
111.040-BLA-S;110;
111.040-BLA-XL;821;
114.040-BEI-L;26;
114.040-BEI-M;29;
114.040-BEI-XL;40;
114.040-NEG-L;52;
114.040-NEG-M;38;
114.041-BLA-M;62;
114.041-NEG-M;52;
118.041-BLA-M;21;
118.041-BLA-XL;106;
12.012-BLA-L;256;
12.012-BLA-M;525;
12.012-BLA-S;297;
12.012-COR-L;345;
12.012-COR-M;631;
12.012-COR-S;164;
12.012-GRI-L;451;
12.012-GRI-M;398;
12.012-GRI-S;83;
12.100-GRI-L;242;
12.100-GRI-M;278;
12.102-MEN-L;240;
12.102-MEN-M;383;
12.188-AMA-L;729;
12.188-AMA-M;705;
12.188-BEI-M;1000;
12.188-BLA-L;1000;
12.188-BLA-M;1000;
12.188-BLA-S;1000;
12.188-FUC-L;1000;
12.188-FUC-M;1000;
12.188-FUC-S;1000;
12.188-MOR-L;755;
12.188-MOR-M;635;
12.188-NEG-L;1000;
12.188-NEG-M;1000;
12.188-NEG-S;1000;
12.188-TUR-L;690;
12.188-TUR-M;701;
12.189-BEI-L;1000;
12.189-BEI-M;1000;
12.189-BEI-S;1000;
12.189-BLA-L;1000;
12.189-BLA-M;1000;
12.189-BLA-S;1000;
12.189-CAF-L;666;
12.189-CAF-M;599;
12.189-NEG-L;1000;
12.189-NEG-M;1000;
12.189-TUR-L;614;
12.189-TUR-M;494;
12.189-TUR-XL;112;
12.207-FLU-L;874;
12.207-FLU-M;796;
12.207-FLU-S;268;
12.207-FLU-XL;22;
12.207-GRI-L;716;
12.207-GRI-M;825;
12.207-GRI-S;257;
12.207-NEG-L;796;
12.207-NEG-M;736;
12.207-NEG-S;220;
12.207-NEG-XL;22;
12.289-JEA-L;168;
12.289-JEA-M;190;
12.289-NEG-L;146;
12.289-NEG-M;184;
12.289-ROS-L;180;
12.290-AZU-L;698;
12.290-AZU-M;865;
12.290-AZU-S;295;
12.290-FLU-L;771;
12.290-FLU-M;863;
12.290-FLU-S;295;
12.290-MOR-L;768;
12.290-MOR-M;793;
12.290-MOR-S;292;
12.290-TUR-L;701;
12.290-TUR-M;962;
12.290-TUR-S;292;
12.987-NEG-M;123;
12.988-NEG-L;43;
12.988-NEG-M;21;
12.989-FUC-M;54;
13.010-AZU-L;1000;
13.010-AZU-M;1000;
13.010-COM1-M;17;
13.010-COM1-S;235;
13.010-COM2-L;59;
13.010-COM2-M;10;
13.010-COM2-S;274;
13.010-COM3-L;128;
13.010-COM3-M;17;
13.010-COM3-S;347;
13.010-COM4-L;191;
13.010-COM4-M;74;
13.010-COM4-S;250;
13.010-COM5-L;17;
13.010-COM5-M;8;
13.010-COM5-S;299;
13.010-NEG-M;38;
13.07-BCO-L;603;
13.07-BCO-M;1000;
13.07-BCO-S;923;
13.08-GRI-L;701;
13.08-GRI-M;652;
13.08-MAR-L;735;
13.08-MAR-M;738;
13.08-MEN-L;732;
13.08-ROS-L;732;
13.08-ROS-M;697;
13.09-CAL-L;1000;
13.09-CAL-M;1000;
13.09-CAL-S;875;
13.09-CEL-L;369;
13.09-CEL-M;810;
13.09-FUC-L;1000;
13.09-FUC-M;1000;
13.09-FUC-S;624;
13.09-MOR-L;1000;
13.09-MOR-M;1000;
13.09-MOR-S;429;
13.09-NEG-L;1000;
13.09-NEG-M;1000;
13.09-NEG-S;317;
13.100-CAF-M;312;
13.100-GRI-L;104;
13.100-GRI-M;250;
13.102-MEN-L;97;
13.102-MEN-M;298;
13.107-FLU-L;963;
13.107-FLU-M;893;
13.107-FLU-S;206;
13.107-FLU-XL;19;
13.107-NEG-L;945;
13.107-NEG-M;879;
13.107-NEG-S;189;
13.107-NEG-XL;19;
13.107-TUR-L;250;
13.147-CAL-M;109;
13.147-CAL-S;75;
13.147-NAR-M;1000;
13.184-BEI-L;381;
13.184-BEI-M;475;
13.184-BEI-S;219;
13.184-BLA-L;508;
13.184-BLA-M;432;
13.184-BLA-S;367;
13.184-NEG-L;415;
13.184-NEG-M;480;
13.184-NEG-S;432;
13.189-BEI-L;1000;
13.189-BEI-M;1000;
13.189-BEI-S;569;
13.189-BLA-L;1000;
13.189-BLA-M;956;
13.189-BLA-S;393;
13.189-CAF-L;705;
13.189-CAF-M;659;
13.189-CAF-S;185;
13.189-NEG-L;1000;
13.189-NEG-M;1000;
13.189-NEG-S;624;
13.189-TUR-L;770;
13.189-TUR-M;547;
13.189-TUR-S;249;
13.218-BLA-L;1000;
13.218-BLA-M;1000;
13.218-BLA-S;560;
13.218-BLA-XL;1000;
13.218-NEG-L;1000;
13.218-NEG-M;1000;
13.218-NEG-S;1000;
13.218-NEG-XL;1000;
13.289-NEG-L;150;
13.289-NEG-M;180;
13.505-BEI-L;51;
13.512-NEG-L;288;
13.512-NEG-M;297;
13.512-NEG-S;64;
13.512-NEG-XL;104;
13.512-ROS-L;29;
13.512-ROS-M;414;
13.512-ROS-S;45;
13.512-ROS-XL;129;
13.514-MOC-L;781;
13.514-MOC-M;610;
13.514-MOC-S;132;
13.514-NEG-L;801;
13.514-NEG-M;720;
13.514-NEG-S;327;
13.781-BLA-M;1000;
13.781-NEG-M;478;
14.010-BLA-L;1000;
14.010-BLA-M;1000;
14.010-BLA-S;629;
14.010-CAL-L;516;
14.010-CAL-M;448;
14.010-CAL-S;472;
14.010-LAV-S;720;
14.010-MAG-S;582;
14.010-PROS-L;262;
14.010-PROS-S;436;
14.012-AZU-L;332;
14.012-AZU-M;355;
14.012-AZU-S;444;
14.012-COR-L;220;
14.012-COR-M;261;
14.012-COR-S;472;
14.012-MEN-L;175;
14.012-MEN-M;256;
14.012-MEN-S;393;
14.012-ROS-L;348;
14.012-ROS-M;350;
14.012-ROS-S;516;
14.013-CAL-L;283;
14.013-CAL-M;244;
14.013-CAL-S;14;
14.013-FLU-L;352;
14.013-FLU-M;307;
14.013-FLU-S;58;
14.013-NEG-L;209;
14.013-NEG-M;131;
14.013-PLO-L;17;
14.013-PLO-M;198;
14.014-CAL-M;248;
14.016-NEG-XL;350;
14.031-BLA-L;209;
14.031-BLA-M;139;
14.031-BLA-XL;72;
14.031-NEG-L;86;
14.031-NEG-M;81;
14.031-TOS-L;222;
14.031-TOS-M;142;
14.031-TOS-XL;88;
14.034-BLA-L;173;
14.034-BLA-M;138;
14.034-BLA-S;55;
14.034-BLA-XL;92;
14.034-NEG-L;131;
14.034-NEG-M;56;
14.034-NEG-XL;62;
14.034-TOS-L;193;
14.034-TOS-M;208;
14.034-TOS-XL;88;
14.041-AZU-L;295;
14.041-AZU-S;16;
14.041-ROJ-L;196;
14.041-ROY-L;532;
14.041-ROY-S;51;
14.042-BLA-L;264;
14.042-BLA-M;250;
14.042-BLA-S;136;
14.042-GRI-L;200;
14.042-GRI-M;261;
14.042-MEN-L;223;
14.042-MEN-M;258;
14.042-NEG-L;155;
14.042-NEG-M;116;
14.042-NEG-S;104;
14.042-ROS-L;208;
14.042-ROS-M;247;
14.08-GRI-L;659;
14.08-GRI-M;644;
14.08-GRI-S;61;
14.08-MAR-L;698;
14.08-MAR-M;696;
14.08-MAR-S;61;
14.08-MEN-L;710;
14.08-MEN-M;651;
14.08-MEN-S;54;
14.08-ROS-L;686;
14.08-ROS-M;648;
14.08-ROS-S;55;
14.09-AZU-L;1000;
14.09-AZU-M;1000;
14.09-BLA-L;1000;
14.09-BLA-M;1000;
14.09-BLA-S;1000;
14.09-CAL-L;1000;
14.09-CAL-M;1000;
14.09-CAL-S;1000;
14.09-FUC-L;1000;
14.09-FUC-M;1000;
14.09-FUC-S;1000;
14.09-MOR-L;1000;
14.09-MOR-M;1000;
14.09-MOR-S;1000;
14.09-NEG-L;1000;
14.09-NEG-M;1000;
14.09-NEG-S;1000;
14.09-ROS-L;1000;
14.09-ROS-M;1000;
14.09-ROS-S;1000;
14.100-CAF-L;932;
14.100-CAF-M;1000;
14.100-CAF-S;320;
14.100-GRI-L;797;
14.100-GRI-M;1000;
14.101-NEG-L;548;
14.101-NEG-M;885;
14.101-NEG-S;70;
14.102-MEN-L;715;
14.102-MEN-M;1000;
14.102-MEN-S;119;
14.134-MOR-L;56;
14.134-MOR-S;90;
14.134-NEG-L;468;
14.134-NEG-M;495;
14.134-NEG-S;37;
14.148-AZL-L;757;
14.148-AZL-XL;86;
14.148-NAR-L;447;
14.148-NAR-M;427;
14.148-NAR-S;124;
14.148-NAR-XL;129;
14.170-BLA-L;1000;
14.170-BLA-M;1000;
14.170-BLA-S;1000;
14.170-NEG-L;1000;
14.170-NEG-M;1000;
14.170-NEG-S;1000;
14.184-BEI-L;1000;
14.184-BEI-M;857;
14.184-BEI-S;1000;
14.184-BLA-L;1000;
14.184-BLA-S;379;
14.184-NEG-S;1000;
14.186-BEI-L;1000;
14.186-BEI-M;1000;
14.186-BEI-S;1000;
14.186-BEI-XL;1000;
14.186-BLA-L;1000;
14.186-BLA-M;1000;
14.186-BLA-S;423;
14.186-BLA-XL;1000;
14.186-NEG-L;196;
14.186-NEG-XL;1000;
14.189-BLA-L;427;
14.189-BLA-XL;230;
14.189-CAF-L;352;
14.189-CAF-XL;152;
14.189-TUR-L;263;
14.189-TUR-XL;97;
14.289-JEA-L;176;
14.289-NEG-L;89;
14.289-NEG-M;122;
14.505-BEI-L;291;
14.505-BEI-M;215;
14.505-BEI-XL;76;
14.505-BLA-L;184;
14.505-BLA-M;91;
14.505-NEG-L;449;
14.505-NEG-M;400;
14.505-NEG-XL;91;
14.512-NEG-L;388;
14.512-NEG-M;247;
14.512-NEG-S;104;
14.512-NEG-XL;259;
14.512-ROS-L;374;
14.512-ROS-M;439;
14.512-ROS-S;116;
14.512-ROS-XL;329;
14.516-MEN-L;723;
14.516-MEN-M;437;
14.516-MEN-S;216;
14.517-DAM-L;769;
14.517-DAM-M;923;
14.517-DAM-S;268;
14.520-COR-L;866;
14.520-COR-M;504;
14.520-COR-S;332;
14.551-AZU-L;3;
14.551-BER-L;320;
14.551-BER-M;309;
14.551-CAL-L;176;
14.781-BLA-L;1000;
14.781-BLA-M;1000;
14.781-BLA-S;420;
14.781-NEG-L;546;
14.781-NEG-M;1000;
14.781-PET-M;142;
14.781-TER-M;208;
14.930-BLA-L;92;
14.930-BLA-M;137;
14.930-NEG-L;654;
14.930-NEG-M;568;
14.930-NEG-XL;315;
14.930-VIS-L;684;
14.930-VIS-M;578;
14.930-VIS-XL;315;
14.987-ACE-XL;76;
14.987-NEG-XL;239;
14.989-AZU1-L;100;
14.989-AZU1-M;417;
14.989-AZU1-XL;323;
14.989-FUC-L;216;
14.989-FUC-M;157;
14.989-FUC-XL;6;
14.990-ACE-L;122;
14.990-ACE-XL;18;
14.990-MOR-L;54;
14.992-MOC-M;57;
14.992-MOC-XL;78;
14.997-ROS-L;114;
14.997-ROS-M;85;
15.010-AZU-14;10;
15.010-BLA-12;892;
15.010-BLA-14;1000;
15.010-BLA-16;510;
15.010-CAL-12;229;
15.010-CAL-14;669;
15.010-CAL-16;11;
15.010-NEG-12;842;
15.010-NEG-14;1000;
15.010-NEG-16;622;
15.010-NEG1-14;811;
15.09-AZU-14;161;
15.09-COR-12;612;
15.09-COR-14;937;
15.09-COR-16;290;
15.09-FUC-14;902;
15.09-MOR-14;1000;
15.09-MOR-16;561;
15.09-NEG-12;1000;
15.09-NEG-14;1000;
15.09-NEG-16;1000;
15.09-ROS-12;154;
15.09-ROS-14;1000;
15.09-ROS-16;665;
150.01-BEIC-34;918;
150.01-BEIC-36;1000;
150.01-BEIC-38;1000;
150.01-BEIC-40;649;
150.01-NEGC-34;906;
150.01-NEGC-36;1000;
150.01-NEGC-38;1000;
150.01-NEGC-40;448;
150.02-BEIC-36;666;
150.02-BEIC-38;910;
150.02-BEIC-40;1000;
150.02-BEIC-42;218;
150.02-NEGC-38;287;
150.02-NEGC-40;1000;
150.04-BEIC-L;1000;
150.04-BEIC-XL;1000;
150.04-BEIC-XXL;79;
150.04-NEGC-L;1000;
150.04-NEGC-XL;1000;
150.05-BEI-L;341;
150.05-BEI-M;200;
150.05-BEI-XL;1000;
150.05-BEI-XXL;323;
150.05-NEG-M;175;
150.05-NEG-XL;1000;
150.05-NEG-XXL;71;
16.012-CAL-12;202;
16.012-CAL-14;1000;
16.012-CAL-16;1000;
16.012-FUC-14;1000;
16.012-FUC-16;882;
16.012-MOR-12;480;
16.012-MOR-14;1000;
16.012-MOR-16;1000;
16.012-NEG-12;476;
16.012-NEG-14;1000;
16.012-NEG-16;1000;
160.11-BEI-L;289;
160.11-BEI-S;171;
160.11-BEI-XXL;81;
17.012-CAL-10;845;
17.012-CAL-4;299;
17.012-CAL-6;498;
17.012-CAL-8;465;
17.012-FUC-10;1000;
17.012-FUC-4;524;
17.012-FUC-6;775;
17.012-FUC-8;1000;
17.012-MOR-10;1000;
17.012-MOR-8;1000;
17.012-NAR-10;623;
17.012-NAR-4;184;
17.012-NAR-6;369;
17.012-NAR-8;523;
17.012-ROS-10;1000;
17.012-ROS-4;1000;
17.012-ROS-6;1000;
17.012-ROS-8;1000;
17.012-VER-10;1000;
17.012-VER-4;1000;
17.012-VER-6;1000;
17.012-VER-8;1000;
18.07-BCO-52;1000;
18.07-BCO-54;294;
18.07-BCO-56;70;
18.07-BEI-52;1000;
18.07-BEI-54;119;
18.07-BEI-56;299;
18.07-NEG-52;1000;
18.07-NEG-54;240;
18.07-NEG-56;195;
18.08-CEL-L;1000;
18.08-CEL-XL;1000;
18.08-ROS-L;950;
18.08-ROS-XL;1000;
25.01-AZU-10;268;
25.01-AZU-12;745;
25.01-AZU-14;1000;
25.01-AZU-16;1000;
25.112-BCO-12;1000;
25.112-BCO-14;1000;
25.112-BCO-16;1000;
25.113-ROS-12;13;
25.113-ROS-14;292;
25.114-CAL-16;1000;
25.114-FUC-16;945;
25.114-NEG-14;292;
25.114-NEG-16;123;
25.978-NEG-14;310;
25.994-CAL-12;145;
25.994-CAL-14;572;
25.994-CAL-16;502;
25.994-FUC-14;57;
25.994-NEG-12;119;
25.994-NEG-14;570;
25.994-NEG-16;432;
40.03-BLA-L;124;
40.03-BLA-XL;72;
40.10-BCO-L;1000;
40.10-BCO-M;1000;
40.10-BCO-S;809;
40.10-BCO-XL;1000;
47.01-BCO-10;178;
47.11-BCO-8;2;
50.011-AZUB-36;1000;
50.011-BERB-36;908;
50.011-BERB-38;1000;
50.011-BERB-40;1000;
50.011-CALB-36;1000;
50.011-CARB-36;205;
50.011-CARB-38;1000;
50.011-CARB-40;1000;
50.011-CELC-36;1000;
50.011-CELC-38;928;
50.011-CELC-40;1000;
50.011-CORB-40;178;
50.011-FLUB-36;268;
50.011-FLUB-38;1000;
50.011-FLUB-40;1000;
50.011-FLUC-36;1000;
50.011-FLUC-38;46;
50.011-FLUC-40;1000;
50.011-FRUB-36;1000;
50.011-FRUC-40;1000;
50.011-FUCB-38;47;
50.011-FUCB-40;1000;
50.011-GRIB-36;1000;
50.011-MAG1C-36;480;
50.011-MAGC-34;236;
50.011-MAGC-38;1000;
50.011-MAGC-40;1000;
50.011-MOR-36;1000;
50.011-MOR-38;143;
50.011-MORB-40;1000;
50.011-NAVB-36;92;
50.011-NAVB-38;1000;
50.011-NAVB-40;1000;
50.011-NEGB-36;1000;
50.011-NEGB-38;53;
50.011-NEGB-40;1000;
50.011-NEGC-34;28;
50.011-NEGC-36;1000;
50.011-NEGC-38;1000;
50.011-NEGC-40;1000;
50.011-PURB-36;1000;
50.011-PURB-38;1000;
50.011-PURB-40;1000;
50.011-PURC-36;1000;
50.011-PURC-38;1000;
50.011-PURC-40;1000;
50.011-ROSC-36;1000;
50.011H-AZUB-36;1000;
50.011H-AZUB-38;1000;
50.011H-CALB-36;1000;
50.011H-CALB-38;1000;
50.011H-FRUB-36;1000;
50.011H-FRUB-38;1000;
50.011H-MORB-36;925;
50.011H-NEGB-36;125;
50.011H-ROJB-36;136;
50.011H-VIOB-36;1000;
50.011H-VIOB-38;1000;
50.014-AZUB-36;982;
50.014-BERB-40;769;
50.014-CALB-36;1000;
50.014-CALB-38;123;
50.014-CARB-40;991;
50.014-CELC-36;313;
50.014-FRUB-36;1000;
50.014-FRUC-36;116;
50.014-NEG1C-40;380;
50.014-NEGC-36;1000;
50.014-PURB-40;1000;
50.014-ROSC-36;1000;
50.014H-ETMOB-36;48;
50.014W-ANPRC-40;58;
50.014W-GRIC-36;149;
50.014W-GRIC-40;546;
50.014W-MORC-40;276;
50.014W-ROSB-36;407;
50.014W-ROSB-38;646;
50.014W-ROSC-40;98;
50.015-AZUC-34;668;
50.015-AZUC-36;1000;
50.015-AZUC-38;1000;
50.015-NEG1B-38;108;
50.015-NEG1B-40;46;
50.015-PETC-34;28;
50.015-PETC-36;808;
50.015-PETC-38;615;
50.015-PETC-40;60;
50.016-AZLC-34;205;
50.016-AZLC-36;870;
50.016-AZLC-38;135;
50.016-CARB-36;1000;
50.016-CARB-38;1000;
50.016-CARB-40;417;
50.016-FUC-36;613;
50.016-NEG-36;70;
50.016-NEGB-36;1000;
50.016-NEGB-38;1000;
50.016-NEGB-40;555;
50.016-PETC-34;317;
50.016-PETC-36;1000;
50.016-PETC-38;1000;
50.016-PETC-40;241;
50.018-AZUD-38;904;
50.018-AZUD-40;301;
50.018-AZUD-42;583;
50.018-CELD-40;24;
50.018-CELD-42;469;
50.018-MORD-38;269;
50.018-MORD-40;327;
50.018-MORD-42;720;
50.018-NEGD-38;227;
50.018-NEGD-42;433;
50.018-PETD-40;18;
50.018-PETD-42;522;
50.019-AZUD-38;582;
50.019-CELD-36;78;
50.019-CELD-38;799;
50.019-CELD-40;326;
50.019-CELD-42;370;
50.019-CORD-36;52;
50.019-CORD-38;382;
50.019-CORD-40;171;
50.019-NEGD-38;142;
50.020-FUCD-38;241;
50.020-NEGD1-38;113;
50.020-PETD-38;615;
50.020-PETD-42;277;
50.100-CAFC-34;261;
50.100-CAFC-36;1000;
50.100-CAFC-38;1000;
50.100-CAFC-40;660;
50.100-CAFD-34;3;
50.100-CAFD-36;258;
50.100-CAFD-38;821;
50.100-CAFD-40;298;
50.100-GRIC-34;256;
50.100-GRIC-36;1000;
50.100-GRIC-38;1000;
50.100-GRIC-40;580;
50.100-GRID-34;7;
50.100-GRID-36;253;
50.100-GRID-38;641;
50.100-GRID-40;282;
50.101-NEGB-32;431;
50.101-NEGB-34;459;
50.101-NEGB-36;1000;
50.101-NEGB-38;900;
50.102-MENC-34;262;
50.102-MENC-36;1000;
50.102-MENC-38;824;
50.107-FLU-L;750;
50.107-FLU-M;685;
50.107-FLU-S;67;
50.107-NEG-L;709;
50.107-NEG-M;657;
50.107-TUR-XL;22;
50.108-BUR-L;981;
50.108-BUR-M;1000;
50.108-BUR-S;788;
50.108-NEG-L;1000;
50.108-NEG-M;1000;
50.108-NEG-S;1000;
50.117-BLAB-34;1000;
50.117-BLAB-36;1000;
50.117-BLAB-38;1000;
50.117-NEGB-34;341;
50.117-NEGB-36;1000;
50.117-NEGB-38;790;
50.134-AZUB-36;198;
50.134-AZUB-38;74;
50.136-BEID-36;842;
50.136-BEID-38;677;
50.136-BEID-40;451;
50.136-BEID-42;56;
50.136-BLAD-34;527;
50.136-BLAD-36;1000;
50.136-BLAD-38;792;
50.136-BLAD-42;240;
50.136-NEGD-36;1000;
50.136-NEGD-38;599;
50.136-NEGD-42;61;
50.137-BEIC-36;624;
50.137-BEIC-38;1000;
50.137-BEIC-40;1000;
50.137-BEIC-42;1000;
50.137-BLAC-36;1000;
50.137-BLAC-38;1000;
50.137-BLAC-40;1000;
50.137-BLAC-42;1000;
50.137-NEGC-36;1000;
50.137-NEGC-38;1000;
50.137-NEGC-40;1000;
50.137-NEGC-42;780;
50.139-ACEB-36;1000;
50.139-AZUB-36;428;
50.148-AZL-L;117;
50.148-AZL-M;174;
50.148-FUC-L;158;
50.148-FUC-M;166;
50.178-BLAC-36;428;
50.178-BLAC-38;679;
50.178-BLAC-40;599;
50.178-BLAC-42;69;
50.178-BLAD-36;1000;
50.178-BLAD-38;1000;
50.178-BLAD-40;1000;
50.178-BLAD-42;894;
50.178-NEGC-36;560;
50.178-NEGC-38;1000;
50.178-NEGC-40;1000;
50.178-NEGD-36;497;
50.178-NEGD-38;801;
50.178-NEGD-40;309;
50.178-NEGD-42;340;
50.179-ACE-36;723;
50.179-ACE-38;789;
50.179-ACE-40;1000;
50.179-ACED-42;1000;
50.179-NEG-36;13;
50.179-NEG-38;287;
50.179-NEG-40;391;
50.179-NEGD-42;839;
50.179-ROS-36;361;
50.179-ROS-38;441;
50.179-ROS-40;811;
50.179-ROSD-42;906;
50.182-BLAC-36;1000;
50.182-BLAC-38;1000;
50.182-BLAC-40;1000;
50.182-NEGC-36;1000;
50.182-NEGC-38;1000;
50.182-NEGC-40;1000;
50.190-CER-34;75;
50.190-CER-36;130;
50.190-NEG-36;202;
50.190-TUR-34;36;
50.190-TUR-36;155;
50.235-BLAC-34;200;
50.235-BLAC-36;780;
50.235-BLAC-38;1000;
50.235-BLAC-40;1000;
50.235-BLAC-42;150;
50.235-NEGC-34;200;
50.235-NEGC-36;497;
50.235-NEGC-38;649;
50.235-NEGC-40;324;
50.235-NEGC-42;134;
50.236-BLAC-36;247;
50.236-BLAC-38;584;
50.236-BLAC-40;462;
50.241-BLAC-34;1000;
50.241-BLAC-36;1000;
50.241-BLAC-38;271;
50.241-NEGC-34;892;
50.241-NEGC-36;1000;
50.241-NEGC-38;22;
50.289-JEAB-32;73;
50.289-JEAB-36;42;
50.289-NEGB-32;164;
50.289-ROSB-32;134;
50.317-BLA-34;47;
50.317-BLA-36;891;
50.317-BLA-38;987;
50.317-BLA-40;901;
50.317-BLA-42;578;
50.317-NEG-34;26;
50.317-NEG-36;914;
50.317-NEG-38;886;
50.317-NEG-40;607;
50.317-NEG-42;359;
50.334-BEIC-38;220;
50.334-BEIC-40;199;
50.334-BLAC-36;58;
50.334-BLAC-38;26;
50.334-NEGC-36;47;
50.334-NEGC-38;222;
50.334-NEGC-40;222;
50.410-BLA-30A;61;
50.410-BLA-32A;589;
50.410-BLA-34A;547;
50.410-ROS-30A;1000;
50.410-ROS-32A;1000;
50.410-ROS-34A;1000;
50.506-BCO-32;5;
50.506-BCO-34;295;
50.506-BCO-36;916;
50.506-BCO-38;1000;
50.506-NEG-32;611;
50.506-NEG-36;1000;
50.506-NEG-38;1000;
50.512-NEGB-34;42;
50.512-NEGB-36;349;
50.512-NEGB-38;340;
50.512-NEGB-40;125;
50.512-ROSB-34;48;
50.512-ROSB-36;302;
50.512-ROSB-38;172;
50.512-ROSB-40;178;
50.513-BCO-36;1000;
50.513-BCO-38;1000;
50.513-BCO-40;1000;
50.513-BCO-42;1000;
50.513-BEI-36;861;
50.513-BEI-38;1000;
50.513-BEI-40;1000;
50.513-BEI-42;558;
50.513-NEG-36;1000;
50.513-NEG-38;1000;
50.513-NEG-40;1000;
50.513-NEG-42;195;
50.514-MOCC-36;19;
50.514-MOCC-38;136;
50.514-NEGC-38;167;
50.516-MENB-34;179;
50.516-MENB-36;635;
50.516-MENB-38;583;
50.517-DAMC-34;156;
50.517-DAMC-36;499;
50.517-DAMC-38;461;
50.517-DAMC-40;147;
50.518-BCO-42;307;
50.520-CORC-34;151;
50.520-CORC-36;657;
50.520-CORC-38;549;
50.520-CORC-40;226;
50.521-BEID-36;136;
50.521-BEID-38;335;
50.521-BEID-40;168;
50.521-BLAD-36;82;
50.521-BLAD-38;503;
50.521-BLAD-40;191;
50.521-BURD-38;179;
50.521-BURD-40;96;
50.521-NEGD-34;59;
50.521-NEGD-36;251;
50.521-NEGD-38;500;
50.521-NEGD-40;352;
50.525-BEIB-32;82;
50.525-BEIB-34;341;
50.525-BEIB-36;580;
50.525-BEIB-38;467;
50.525-BLAB-32;294;
50.525-BLAB-34;961;
50.525-BLAB-36;1000;
50.525-BLAB-38;1000;
50.525-NEGB-32;298;
50.525-NEGB-34;463;
50.525-NEGB-36;1000;
50.525-NEGB-38;1000;
50.530-BCO-36;1000;
50.530-BCO-38;968;
50.530-BEI-32;190;
50.530-BEI-36;270;
50.530-BEI-38;123;
50.530-NEG-32;165;
50.530-NEG-36;970;
50.530-NEG-38;379;
50.531-BCO-36;1000;
50.531-BCO-38;1000;
50.531-BCO-40;1000;
50.531-BCO-42;882;
50.531-NEG-36;630;
50.531-NEG-38;878;
50.531-NEG-40;822;
50.531-NEG-42;644;
50.532-CALB-32;317;
50.532-CALB-34;428;
50.532-CALB-36;676;
50.532-CALB-38;67;
50.532-FUCB-32;287;
50.532-FUCB-34;375;
50.532-FUCB-36;626;
50.532-FUCB-38;228;
50.532-MORB-32;216;
50.532-MORB-34;436;
50.532-MORB-36;727;
50.532-MORB-38;101;
50.532-NEGB-32;479;
50.532-NEGB-34;526;
50.532-NEGB-36;830;
50.532-NEGB-38;258;
50.535-NEG-32;705;
50.535-NEG-34;202;
50.539-ACEB-34;8;
50.539-ACEB-36;390;
50.539-BCO-32;184;
50.539-BCO-34;1000;
50.539-BCO-36;1000;
50.539-BCO-38;1000;
50.539-BLAB-40;1000;
50.539-NEG-34;1000;
50.539-NEG-36;1000;
50.539-NEG-38;460;
50.539-NEGB-40;441;
50.552-BEIB-36;368;
50.552-BEIB-38;1000;
50.552-BEIB-40;1000;
50.552-BEIB-42;1000;
50.552-BLAB-36;1000;
50.552-BLAB-38;1000;
50.552-BLAB-40;1000;
50.552-BLAB-42;1000;
50.552-NEG-36;52;
50.552-NEGB-36;1000;
50.552-NEGB-38;1000;
50.552-NEGB-40;1000;
50.552-NEGB-42;1000;
50.613-BEIC-36;185;
50.613-BEIC-38;1000;
50.613-BEIC-40;1000;
50.613-BEIC-42;832;
50.613-BLAC-36;77;
50.613-BLAC-38;921;
50.613-BLAC-40;1000;
50.613-BLAC-42;684;
50.613-NEGC-36;71;
50.613-NEGC-38;979;
50.613-NEGC-40;1000;
50.613-NEGC-42;680;
50.623-BLAB-32;146;
50.623-BLAB-34;488;
50.623-BLAB-36;737;
50.623-BLAB-38;783;
50.623-FUCB-32;320;
50.623-FUCB-34;557;
50.623-FUCB-36;910;
50.623-FUCB-38;797;
50.623-MORB-32;227;
50.623-MORB-34;550;
50.623-MORB-36;910;
50.623-MORB-38;744;
50.623-NEGB-32;139;
50.623-NEGB-34;544;
50.623-NEGB-36;743;
50.623-NEGB-38;732;
50.623-TURB-34;323;
50.623-TURB-36;473;
50.623-TURB-38;565;
50.635-BEIC-36;1000;
50.635-BEIC-38;275;
50.635-BEIC-42;71;
50.635-BLAC-36;671;
50.635-BLAC-42;92;
50.635-NEGC-36;778;
50.635-NEGC-42;108;
50.781-NEGC-36;426;
50.781-PETB-36;1000;
50.781-TERB-36;1000;
50.813-BLA-L;907;
50.813-BLA-M;660;
50.813-BLA-S;161;
50.813-BLA-XL;273;
50.813-NEG-L;885;
50.813-NEG-M;745;
50.813-NEG-S;249;
50.813-NEG-XL;182;
50.851-BLAC-34;155;
50.851-BLAC-36;240;
50.851-BLAC-38;729;
50.851-BLAC-40;418;
50.851-CAFC-34;203;
50.851-CAFC-36;330;
50.851-CAFC-38;691;
50.851-CAFC-40;258;
50.851-FUCC-34;278;
50.851-FUCC-36;770;
50.851-FUCC-38;853;
50.851-FUCC-40;606;
50.851-NEGC-34;307;
50.851-NEGC-36;336;
50.851-NEGC-38;917;
50.851-NEGC-40;551;
50.910-ACED-34;182;
50.910-ACED-36;806;
50.910-ACED-42;474;
50.910-NEGD-34;660;
50.910-NEGD-36;1000;
50.910-NEGD-38;1000;
50.910-NEGD-42;204;
50.910-RUBD-34;386;
50.910-RUBD-36;1000;
50.910-RUBD-38;121;
50.910-RUBD-42;291;
50.912-BEID-36;380;
50.912-BEID-38;762;
50.912-BEID-40;752;
50.912-BLAD-34;88;
50.912-BLAD-36;1000;
50.912-BLAD-38;1000;
50.912-BLAD-40;1000;
50.912-NEGD-36;862;
50.912-NEGD-38;838;
50.912-NEGD-40;905;
50.913-GRI-L;594;
50.913-GRI-M;1000;
50.913-GRI-S;932;
50.913-NEG-L;43;
50.913-NEG-M;469;
50.913-NEG-S;525;
50.930-BLAC-36;56;
50.930-NEGC-36;3;
50.950-MOCD-34;399;
50.950-MOCD-36;1000;
50.950-MOCD-38;1000;
50.950-MOCD-40;1000;
50.950-PETD-34;554;
50.950-PETD-36;1000;
50.950-PETD-38;1000;
50.950-PETD-40;1000;
50.950-PETD-42;243;
50.951-BLAB-38;158;
50.971-NEGC-36;100;
50.973-NEGC-36;1000;
50.973-NEGC-38;831;
50.979-NEGC-36;886;
50.979-NEGC-38;87;
50.981-AZUC-36;131;
50.984-NEGC-36;525;
50.985-AZUC-40;57;
50.986-ACEC-40;13;
50.987-ACEC-36;89;
50.987-ACEC-40;320;
50.987-NEGC-34;19;
50.987-NEGC-36;732;
50.987-NEGC-38;633;
50.987-NEGC-40;448;
50.989-AZU1D-36;165;
50.989-AZU1D-38;143;
50.989-AZU1D-40;118;
50.989-AZU1D-42;116;
50.989-AZUD-34;232;
50.989-AZUD-42;94;
50.989-FUCD-34;542;
50.989-FUCD-36;204;
50.989-FUCD-38;509;
50.989-FUCD-42;250;
50.990-ACEC-34;177;
50.990-ACEC-36;46;
50.990-ACEC-42;172;
50.990-MORC-36;337;
50.990-MORC-38;37;
50.990-MORC-42;265;
50.992-MOCC-36;195;
50.992-MOCC-38;364;
50.992-MOCC-40;58;
50.992-MOCD-36;137;
50.992-MOCD-38;192;
50.992-MOCD-42;12;
50.992-NEGC-36;39;
50.992-NEGC-38;199;
50.992-NEGD-38;45;
50.994-NEGB-34;309;
50.994-NEGB-36;224;
50.994-NEGB-38;131;
50.997-ROSB-34;181;
50.997-ROSB-36;183;
50.997-ROSB-38;367;
50.998-BLAC-34;27;
50.998-BLAC-36;744;
50.998-BLAC-38;70;
50.998-BLAD-36;226;
50.999-AZUC-36;339;
50.999-AZUC-38;173;
50K102-SUR-UNI;4;
51.01-FUC-30A;5;
51.01-FUC-32A;90;
51.01-FUC-34A;90;
51.01-VER-30A;262;
51.01-VER-32A;1000;
51.01-VER-34A;1000;
51.994-FUCA-30;493;
51.994-FUCA-32;1000;
51.994-FUCA-34;1000;
51.994-GRIA-30;487;
51.994-GRIA-32;1000;
51.994-GRIA-34;1000;
51.994-NEGA-30;528;
51.994-NEGA-32;1000;
51.994-NEGA-34;1000;
60.1120-ROS-L;587;
60.1120-ROS-M;677;
60.1120-ROS-S;297;
60.1120-ROS-XL;344;
60.605-BCO-L;996;
60.605-BCO-M;633;
60.605-BCO-XL;879;
60.605-NEG-L;757;
60.605-NEG-M;531;
60.605-NEG-XL;1000;
60.605-TOS-L;117;
60.605-TOS-XL;2;
61.1066-ROS-S;97;
63.1099-JEA-10;106;
63.1106-TUR-10;94;
64.1020-AZU-4;108;
64.1020-AZU-6;52;
65.1105-FUC-16;114;
69.462-FUC-14/16;262;
69.463-AZU-14/16;88;
69.470-MOR-14/16;342;
69.471-AZU-14/16;123;
70.635-FUC-L;1;
70.651-AZU-L;252;
70.651-AZU-M;295;
70.651-AZU-S;43;
70.651-AZU-XL;123;
70.652-FUC-XL;10;
70.653-GRI-L;7;
70.653-GRI-XL;21;
70.655-TUR-XL;7;
70.657-FUC-XL;40;
70.659-ESM-XL;33;
70.661-AZU-L;573;
70.661-AZU-M;572;
70.661-AZU-S;231;
70.661-AZU-XL;359;
70.662-FUC-XL;30;
70.662-NEG-XL;26;
70.663-COR-L;117;
70.663-COR-M;88;
70.663-COR-S;20;
70.663-COR-XL;142;
70.664-GRI-L;511;
70.664-GRI-M;516;
70.664-GRI-S;195;
70.664-GRI-XL;372;
70.664-TUR-L;708;
70.664-TUR-M;712;
70.664-TUR-S;290;
70.664-TUR-XL;438;
70.665-FUC-L;226;
70.665-FUC-M;206;
70.665-FUC-S;3;
70.665-FUC-XL;220;
70.666-CEL-XL;102;
70.683-MOR-L;419;
70.683-MOR-M;411;
70.683-MOR-S;204;
70.683-MOR-XL;205;
70.684-PET-L;261;
70.684-PET-M;165;
70.684-PET-XL;69;
70.686-AZU-L;142;
70.686-AZU-M;125;
71.631-NEG-L;101;
71.631-NEG-M;170;
71.631-TUR-L;15;
71.634-ROJ-L;322;
71.634-ROJ-M;323;
71.647-TUR-L;33;
71.647-TUR-M;10;
71.648-GRI-L;44;
71.648-GRI-M;103;
71.648-GRI-S;39;
71.648-GRI-XL;117;
71.649-FUC-L;268;
71.649-FUC-M;289;
71.649-FUC-S;169;
71.649-FUC-XL;197;
71.649-MOR-L;316;
71.649-MOR-M;352;
71.649-MOR-S;131;
71.649-MOR-XL;210;
71.680-NEG-S;19;
71.680-NEG-XL;125;
71.681-FUC-XL;81;
71.682-JEA-XL;58;
71.683-MOR-L;484;
71.683-MOR-M;515;
71.683-MOR-S;189;
71.683-MOR-XL;261;
72.02-AZU-L;106;
72.02-AZU-M;71;
72.02-AZU-XL;82;
72.02-NEG-L;118;
72.02-NEG-M;110;
72.02-NEG-S;11;
72.02-NEG-XL;103;
72.03-GRI-L;456;
72.03-GRI-M;459;
72.03-GRI-S;113;
72.03-GRI-XL;257;
73.673-TUR-4;39;
73.673-TUR-6;30;
73.674-FUC-4;55;
73.674-FUC-6;57;
73.806-CAL-L;352;
73.806-CAL-M;649;
73.806-CAL-S;213;
73.806-CAL-XL;462;
73.806-FUC-L;396;
73.806-FUC-M;174;
73.806-FUC-S;202;
73.806-FUC-XL;261;
73.808-FUC-L;329;
73.809-MOR-L;27;
73.810-AZU-L;113;
73.810-AZU-M;164;
73.810-AZU-S;114;
73.810-AZU-XL;20;
73.810-NEG-L;69;
73.810-NEG-M;68;
73.810-NEG-S;84;
73.810-NEG-XL;30;
73.812-NEG-L;1000;
73.812-NEG-M;427;
73.812-NEG-S;212;
73.909-FUC-M;307;
74.564-ROJ-10;105;
74.564-ROJ-4;115;
74.564-ROJ-6;105;
74.564-ROJ-8;10;
74.565-VER-10;82;
74.565-VER-4;113;
74.565-VER-6;114;
74.565-VER-8;44;
75.625-LIL-14;6;
75.667-TUR-12;15;
75.667-TUR-14;9;
75.667-TUR-16;194;
75.668-FUC-16;123;
75.669-COR-16;90;
75.670-LIL-16;123;
75.671-MOR-12;44;
75.671-MOR-14;53;
75.671-MOR-16;212;
75.672-COR-12;24;
75.672-COR-14;27;
75.672-COR-16;187;
76.559-GRI-12;56;
76.559-GRI-14;33;
76.559-GRI-16;190;
76.560-AZU-12;8;
76.560-AZU-14;22;
76.560-AZU-16;145;
76.561-ROJ-12;41;
76.561-ROJ-14;31;
76.561-ROJ-16;181;
76.562-CAL-12;5;
76.562-CAL-14;12;
76.562-CAL-16;130;
77.548-GRI-L;153;
77.548-GRI-M;182;
77.548-GRI-XL;119;
77.549-AZU-L;275;
77.549-AZU-M;281;
77.549-AZU-S;42;
77.549-AZU-XL;271;
77.550-AZU-L;364;
77.550-AZU-M;367;
77.550-AZU-XL;266;
77.550-AZU-XXL;84;
77.551-GRI-L;106;
77.551-GRI-M;105;
77.551-GRI-XL;140;
77.552-GRA-L;255;
77.552-GRA-M;248;
77.552-GRA-S;29;
77.552-GRA-XL;253;
77.553-AZU-L;479;
77.553-AZU-M;478;
77.553-AZU-S;8;
77.553-AZU-XL;342;
77.553-AZU-XXL;124;
77.554-JEA-L;144;
77.554-JEA-M;147;
77.554-JEA-S;59;
77.554-JEA-XL;211;
77.556-AZU-L;324;
77.556-AZU-M;336;
77.556-AZU-S;16;
77.556-AZU-XL;143;
77.556-AZU-XXL;115;
77.556-GRA-L;155;
77.556-GRA-M;156;
77.556-GRA-XL;17;
77.556-GRA-XXL;54;
77.557-NEG-L;96;
77.557-NEG-M;100;
77.557-NEG-XL;108;
77.558-GRI-L;158;
77.558-GRI-M;162;
77.558-GRI-XL;185;
78.456-MOR-L;27;
78.822-ROS-XL;1;
78.826-TUR-L;56;
78.827-MOR-M;82;
78.840-FUC-L;211;
78.840-MOR-L;96;
78.841-FUC-L;91;
78.841-MOR-L;57;
79.459-AZU-L;18;
79.459-AZU-XL;77;
90.01-AZU-L;1000;
90.01-AZU-M;1000;
90.01-AZU-S;1000;
90.01-AZU-XL;1000;
90.01-AZU-XXL;1000;
90.01-BCO-L;1000;
90.01-BCO-M;1000;
90.01-BCO-S;490;
90.01-BCO-XL;1000;
90.01-BCO-XXL;1000;
90.01-BUR-S;649;
90.01-GRI-L;9;
90.01-GRI-M;891;
90.01-GRI-S;619;
90.01-MAR-S;631;
90.01-NEG-L;1000;
90.01-NEG-M;1000;
90.01-NEG-S;1000;
90.01-NEG-XL;1000;
90.01-NEG-XXL;1000;
90.07-AZU-L;926;
90.07-AZU-M;440;
90.07-AZU-S;1000;
90.07-AZU-XL;947;
90.07-AZU-XXL;949;
90.07-BCO-L;685;
90.07-BCO-M;973;
90.07-BCO-S;889;
90.07-BCO-XL;474;
90.07-BCO-XXL;892;
90.07-NEG-L;326;
90.07-NEG-M;80;
90.07-NEG-S;984;
90.07-NEG-XL;450;
90.10-AZU-L;1000;
90.10-AZU-M;1000;
90.10-AZU-S;407;
90.10-AZU-XL;611;
90.10-AZU-XXL;513;
90.10-MAR-L;1000;
90.10-MAR-M;1000;
90.10-MAR-S;671;
90.10-MAR-XL;1000;
90.10-MAR-XXL;682;
90.10-NEG-L;1000;
90.10-NEG-M;1000;
90.10-NEG-S;516;
90.10-NEG-XL;647;
90.10-NEG-XXL;549;
91.01-AZU-L;1000;
91.01-AZU-M;1000;
91.01-AZU-S;1000;
91.01-AZU-XL;1000;
91.01-BCO-L;1000;
91.01-BCO-M;1000;
91.01-BCO-S;778;
91.01-BCO-XL;1000;
91.01-BUR-L;1000;
91.01-BUR-M;1000;
91.01-BUR-S;682;
91.01-BUR-XL;1000;
91.01-CAL-L;1000;
91.01-CAL-M;1000;
91.01-CAL-S;1000;
91.01-CAL-XL;1000;
91.01-GRI-L;1000;
91.01-GRI-M;1000;
91.01-GRI-S;1000;
91.01-GRI-XL;1000;
91.01-MAR-L;658;
91.01-MAR-S;574;
91.01-NEG-S;325;
91.01-PET-L;1000;
91.01-PET-M;1000;
91.01-PET-S;379;
91.01-PET-XL;742;
91.01-VER-L;1000;
91.01-VER-M;1000;
91.01-VER-S;310;
91.01-VER-XL;748;
91.03-AZU-L;254;
91.03-AZU-M;422;
91.03-AZU-S;179;
91.03-AZU-XL;317;
91.03-BUR-L;356;
91.03-BUR-M;419;
91.03-BUR-S;179;
91.03-BUR-XL;323;
91.04-GRI-L;391;
91.04-GRI-M;388;
91.04-GRI-S;165;
91.04-GRI-XL;318;
91.07-BUR-L;1000;
91.07-BUR-M;1000;
91.07-BUR-S;894;
91.07-BUR-XL;585;
91.07-MAR-L;1000;
91.07-MAR-M;1000;
91.07-MAR-S;1000;
91.07-MAR-XL;1000;
91.07-PET-L;282;
91.07-PET-M;1000;
91.07-PET-S;596;
91.08-BCO-S;14;
91.08-NEG-S;70;
91.09-CAL-L;208;
91.09-CAL-M;1000;
91.09-CAL-S;737;
91.09-NEG-L;565;
91.09-NEG-M;1000;
91.09-NEG-S;796;
91.09-ROJ-S;166;
91.10-AZU-L;1000;
91.10-AZU-M;1000;
91.10-AZU-S;451;
91.10-AZU-XL;643;
91.10-AZU-XXL;268;
91.10-BLA-L;1000;
91.10-BLA-M;1000;
91.10-BLA-S;487;
91.10-BLA-XL;648;
91.10-BLA-XXL;305;
91.10-BUR-L;1000;
91.10-BUR-M;1000;
91.10-BUR-S;616;
91.10-BUR-XL;686;
91.10-BUR-XXL;244;
91.10-GRI-L;1000;
91.10-GRI-M;995;
91.10-GRI-S;387;
91.10-GRI-XL;414;
91.10-GRI-XXL;210;
91.10-PET-L;1000;
91.10-PET-M;1000;
91.10-PET-S;746;
91.10-PET-XL;1000;
91.10-PET-XXL;241;
91.11-AZU-L;332;
91.11-AZU-M;438;
91.11-AZU-S;90;
91.11-AZU-XL;57;
91.11-CAL-L;212;
91.11-CAL-M;354;
91.11-CAL-XL;181;
91.11-MOR-L;254;
91.11-MOR-M;378;
91.11-MOR-S;3;
91.11-MOR-XL;266;
91.11-NEG-L;320;
91.11-NEG-M;366;
91.11-NEG-S;82;
91.11-ROJ-L;416;
91.11-ROJ-M;462;
91.11-ROJ-S;78;
91.11-ROJ-XL;184;
91.11-TUR-L;531;
91.11-TUR-M;531;
91.11-TUR-S;111;
91.11-TUR-XL;155;
91.403-BUR-M;1000;
91.403-BUR-S;17;
91.403-BUR-XL;546;
91.403-BUR-XXL;539;
91.403-GRI-M;1000;
91.403-GRI-S;1;
91.403-GRI-XL;512;
91.403-GRI-XXL;500;
91.403-NEG-L;393;
91.403-NEG-M;1000;
91.403-NEG-S;534;
91.403-NEG-XL;546;
91.403-NEG-XXL;545;
91.404-AZU-L;248;
91.404-AZU-M;290;
91.404-NEG-L;272;
91.404-NEG-M;303;
91.405-AZU-L;1000;
91.405-AZU-M;1000;
91.405-AZU-S;1000;
91.405-AZU-XL;700;
91.405-BUR-L;1000;
91.405-BUR-M;1000;
91.405-BUR-S;1000;
91.405-BUR-XL;491;
91.405-GRI-L;1000;
91.405-GRI-M;1000;
91.405-GRI-S;663;
91.405-GRI-XL;552;
91.405-MOR-L;1000;
91.405-MOR-M;1000;
91.405-MOR-S;1000;
91.405-MOR-XL;673;
91.405-NEG-S;913;
91.405-PET-L;1000;
91.405-PET-M;1000;
91.405-PET-S;852;
91.405-PET-XL;850;
91.406-AZU-L;585;
91.406-AZU-M;1000;
91.406-AZU-S;458;
91.406-AZU-XL;317;
91.406-MAR-L;354;
91.406-MAR-M;670;
91.406-MAR-S;274;
91.406-MAR-XL;620;
91.406-NEG-L;665;
91.406-NEG-M;1000;
91.406-NEG-S;1000;
91.406-NEG-XL;765;
91.406-VER-L;968;
91.406-VER-M;520;
91.406-VER-S;231;
91.406-VER-XL;494;
91.407-AZU-L;430;
91.407-AZU-M;456;
91.407-AZU-S;39;
91.407-AZU-XL;338;
91.407-NAR-L;456;
91.407-NAR-M;482;
91.407-NAR-S;56;
91.407-NAR-XL;362;
92.01-AZU-L;471;
92.01-AZU-M;455;
92.01-AZU-S;29;
92.01-AZU-XL;307;
92.01-GRI-L;538;
92.01-GRI-M;541;
92.01-GRI-S;54;
92.01-GRI-XL;329;
92.01-NEG-L;438;
92.01-NEG-M;406;
92.01-NEG-S;13;
92.01-NEG-XL;239;
92.01-ROJ-L;527;
92.01-ROJ-M;470;
92.01-ROJ-S;61;
92.01-ROJ-XL;326;
93.02-SUR-L;1000;
93.02-SUR-M;1000;
93.02-SUR-S;1000;
93.02-SUR-XL;1000;
93.05-CAL-L;757;
93.05-CAL-S;251;
93.05-CAL-XL;479;
93.05-NAR-S;127;
93.05-NEG-S;8;
93.05-PET-L;1000;
93.05-PET-M;1000;
93.05-PET-S;396;
93.05-PET-XL;858;
93.05-ROJ-L;474;
93.05-ROJ-S;541;
93.05-ROJ-XL;355;
93.06-BCO-L;464;
93.06-BCO-M;1000;
93.06-BCO-S;5;
93.06-GRI-L;1000;
93.06-GRI-M;1000;
93.06-GRI-S;1000;
93.06-GRI-XL;1000;
93.07-AZL-L;1000;
93.07-AZL-M;765;
93.07-AZL-S;213;
93.07-AZL-XL;825;
93.07-GRI-L;579;
93.07-GRI-M;179;
93.07-GRI-S;222;
93.07-GRI-XL;378;
93.07-SAN-L;444;
93.07-SAN-M;675;
93.07-SAN-S;204;
93.07-SAN-XL;408;
93.08-AZU-L;1000;
93.08-AZU-M;1000;
93.08-AZU-S;867;
93.08-AZU-XL;1000;
93.08-BCO-L;1000;
93.08-BCO-M;455;
93.08-BCO-S;504;
93.08-BCO-XL;1000;
93.08-GRI-L;1000;
93.08-GRI-M;1000;
93.08-GRI-S;1000;
93.08-GRI-XL;1000;
93.08-NEG-L;1000;
93.08-NEG-M;1000;
93.08-NEG-S;1000;
93.08-NEG-XL;1000;
93.100-MOR-L;88;
93.106-BLA-L;1000;
93.106-BLA-M;903;
93.106-BLA-XL;66;
93.106-GRI-M;414;
93.106-GRI-S;513;
93.106-NEG-L;447;
93.106-NEG-M;1000;
93.106-NEG-S;515;
93.108-BUR-L;1000;
93.108-BUR-M;1000;
93.108-BUR-S;10;
93.108-BUR-XL;680;
93.109-PET-L;1000;
93.109-PET-M;1000;
93.109-PET-S;67;
93.109-PET-XL;645;
93.110-NEG-L;299;
93.110-NEG-M;795;
93.110-NEG-S;210;
93.110-NEG-XL;182;
93.111-AZU-L;1000;
93.111-AZU-M;1000;
93.111-AZU-S;164;
93.111-AZU-XL;755;
93.112-MOR-L;1000;
93.112-MOR-M;1000;
93.112-MOR-S;194;
93.112-MOR-XL;663;
93.113-AZU-L;1000;
93.113-AZU-M;1000;
93.113-AZU-S;350;
93.113-AZU-XL;857;
93.114-AZU-L;1000;
93.114-AZU-M;1000;
93.114-AZU-S;185;
93.114-AZU-XL;746;
93.115-NEG-L;1000;
93.115-NEG-M;1000;
93.115-NEG-S;179;
93.115-NEG-XL;749;
93.116-NEG-L;1000;
93.116-NEG-M;1000;
93.116-NEG-S;471;
93.116-NEG-XL;984;
93.117-BUR-L;224;
93.117-BUR-M;160;
93.117-BUR-S;86;
93.117-BUR-XL;191;
93.118-AZU-L;1000;
93.118-AZU-M;1000;
93.118-AZU-S;163;
93.118-AZU-XL;709;
93.119-BLA-L;1000;
93.119-BLA-M;1000;
93.119-BLA-S;162;
93.119-BLA-XL;729;
93.120-MOR-L;1000;
93.120-MOR-M;1000;
93.120-MOR-S;451;
93.120-MOR-XL;850;
93.120-NAR-L;1000;
93.120-NAR-M;1000;
93.120-NAR-S;451;
93.120-NAR-XL;850;
93.120-ROJ-L;1000;
93.120-ROJ-M;1000;
93.120-ROJ-S;451;
93.120-ROJ-XL;850;
93.121-CAL-L;1000;
93.121-CAL-M;1000;
93.121-CAL-S;451;
93.121-CAL-XL;850;
93.121-NEG-L;1000;
93.121-NEG-M;1000;
93.121-NEG-S;451;
93.121-NEG-XL;850;
93.121-VER-L;1000;
93.121-VER-M;1000;
93.121-VER-S;451;
93.121-VER-XL;850;
93.143-AZU-L;226;
93.143-AZU-M;277;
93.143-AZU-S;198;
93.143-AZU-XL;191;
93.143-BLA-L;389;
93.143-BLA-M;356;
93.143-BLA-S;166;
93.143-BLA-XL;254;
93.143-GRI-L;368;
93.143-GRI-M;278;
93.143-GRI-S;246;
93.143-GRI-XL;232;
93.143-NEG-L;217;
93.143-NEG-M;176;
93.143-NEG-S;164;
93.143-NEG-XL;155;
93.144-AZU-L;586;
93.144-AZU-M;596;
93.144-AZU-S;230;
93.144-AZU-XL;387;
93.144-CAL-L;498;
93.144-CAL-M;551;
93.144-CAL-S;283;
93.144-CAL-XL;518;
93.144-NAV-L;635;
93.144-NAV-M;629;
93.144-NAV-S;279;
93.144-NAV-XL;503;
93.144-NEG-L;622;
93.144-NEG-M;601;
93.144-NEG-S;310;
93.144-NEG-XL;496;
93.144-ROJ-L;568;
93.144-ROJ-M;594;
93.144-ROJ-S;205;
93.144-ROJ-XL;463;
93.144-TUR-L;574;
93.144-TUR-M;547;
93.144-TUR-S;294;
93.144-TUR-XL;504;
93.16-CAL-L;1000;
93.16-CAL-M;1000;
93.16-CAL-S;402;
93.16-GRI-L;1000;
93.16-GRI-M;1000;
93.16-GRI-S;1000;
93.16-GRI-XL;1000;
93.16-NAR-L;539;
93.16-NAR-M;841;
93.16-NEG-L;1000;
93.16-NEG-M;1000;
93.16-NEG-S;607;
93.16-NEG-XL;934;
93.16-PET-L;1000;
93.16-PET-M;1000;
93.16-PET-S;833;
93.16-PET-XL;614;
93.16-ROJ-M;21;
93.16-VER-L;616;
93.16-VER-M;917;
93.16-VER-S;256;
93.201-MOR-XL;35;
93.201-NEG-XL;24;
93.201-ROJ-L;306;
93.201-ROJ-M;183;
93.201-ROJ-XL;273;
93.201-TUR-XL;12;
93.26-CAL-L;9;
93.26-CAL-XL;68;
93.26-VER-L;141;
93.26-VER-M;165;
93.33-SUR-L;1000;
93.33-SUR-M;1000;
93.33-SUR-S;1000;
93.33-SUR-XL;1000;
93.34-CAL-L;383;
93.34-CAL-M;368;
93.34-CAL-S;26;
93.34-CAL-XL;233;
93.34-MOR-L;383;
93.34-MOR-M;389;
93.34-MOR-S;41;
93.34-MOR-XL;226;
93.34-NAR-L;359;
93.34-NAR-M;347;
93.34-NAR-S;71;
93.34-NAR-XL;248;
93.34-NEG-L;275;
93.34-NEG-M;323;
93.34-NEG-S;44;
93.34-NEG-XL;242;
93.36-AZU-L;285;
93.36-AZU-M;356;
93.36-AZU-S;42;
93.36-AZU-XL;168;
93.36-NEG-L;280;
93.36-NEG-M;279;
93.36-NEG-XL;102;
93.36-PET-L;273;
93.36-PET-M;315;
93.36-PET-S;3;
93.36-PET-XL;147;
93.36-ROJ-L;363;
93.36-ROJ-M;384;
93.36-ROJ-S;6;
93.36-ROJ-XL;198;
93.406-GRI-L;1000;
93.406-GRI-M;914;
93.406-GRI-S;470;
93.406-GRI-XL;951;
93.406-MOR-L;996;
93.406-MOR-M;927;
93.406-MOR-S;482;
93.406-MOR-XL;860;
93.406-NAR-L;697;
93.406-NAR-M;562;
93.406-NAR-S;246;
93.406-NAR-XL;687;
93.406-NEG-L;797;
93.406-NEG-M;671;
93.406-NEG-S;280;
93.406-NEG-XL;704;
93.406-ROJ-L;981;
93.406-ROJ-M;886;
93.406-ROJ-S;473;
93.406-ROJ-XL;814;
93.406-VER-L;843;
93.406-VER-M;590;
93.406-VER-S;274;
93.406-VER-XL;727;
93.57-GRI-XL;8;
93.94-JEA-L;69;
93.94-JEA-M;6;
93.98-AZU-L;198;
93.99-MOR-L;624;
93.99-MOR-M;217;
93.99-MOR-XL;174;
93.99-NEG-L;345;
93.99-NEG-M;107;
93.99-NEG-XL;10;
93122W-GRI-L;614;
93122W-GRI-M;614;
93122W-GRI-S;199;
93122W-GRI-XL;365;
9316S-NEG-L;65;
9316S-NEG-M;67;
9316S-NEG-S;10;
9316S-NEG-XL;10;
9334S-CAL-L;31;
9334S-CAL-M;22;
9334S-CAL-S;1;
9334S-MOR-L;28;
9334S-MOR-M;31;
9334S-NEG-L;52;
9334S-NEG-M;52;
9334S-NEG-S;1;
9334S-NEG-XL;1;
9336S-AZU-L;49;
9336S-AZU-M;55;
9336S-AZU-S;1;
9336S-AZU-XL;1;
9336S-NEG-L;49;
9336S-NEG-M;49;
9336S-NEG-S;1;
9336S-NEG-XL;1;
9336S-PET-L;22;
9336S-PET-M;19;
9376W-NEG-L;614;
9376W-NEG-M;614;
9376W-NEG-S;199;
9376W-NEG-XL;365;
94.05-CAL-14;576;
94.05-CAL-16;85;
94.05-NAR-12;111;
94.05-NAR-14;1000;
94.05-NAR-16;553;
94.05-NEG-14;645;
94.05-NEG-16;56;
94.05-VER-14;738;
94.05-VER-16;201;
94.56-NAR-12;353;
94.56-NAR-14;386;
94.56-NAR-16;692;
94.56-VER-12;350;
94.56-VER-14;347;
94.56-VER-16;653;
94.57-NAR-14;876;
94.57-NAR-16;102;
94.57-VER-14;764;
94.58-FUC-12;386;
94.58-FUC-14;368;
94.58-FUC-16;596;
94.58-MOR-12;383;
94.58-MOR-14;389;
94.58-MOR-16;686;
95.040-AZU-14;34;
95.040-AZU-16;1000;
95.040-CAL-14;169;
95.040-CAL-16;792;
95.040-NEG-14;520;
95.040-NEG-16;813;
95.040-VER-14;553;
95.040-VER-16;979;
97.04-AZU-10;1000;
97.04-AZU-4;1000;
97.04-AZU-6;1000;
97.04-AZU-8;1000;
97.04-BLA-10;975;
97.04-BLA-4;954;
97.04-BLA-6;1000;
97.04-BLA-8;1000;
97.04-CAL-10;1000;
97.04-CAL-4;1000;
97.04-CAL-6;1000;
97.04-CAL-8;1000;
97.04-VER-10;1000;
97.04-VER-4;1000;
97.04-VER-6;1000;
97.04-VER-8;1000;
97.05-AZU-10;1000;
97.05-AZU-4;1000;
97.05-AZU-6;1000;
97.05-AZU-8;1000;
97.05-VER-10;990;
97.05-VER-4;298;
97.05-VER-6;603;
97.05-VER-8;1000;
97.06-AZU-10;679;
97.06-AZU-6;101;
97.06-AZU-8;829;
97.06-ROJ-10;762;
97.06-ROJ-4;181;
97.06-ROJ-6;263;
97.06-ROJ-8;963;
97.47-BLA-10;20;
97.47-BLA-4;168;
97.47-BLA-6;89;
97.47-BLA-8;56;
97.47-CAL-10;149;
97.47-CAL-4;122;
97.47-CAL-6;167;
97.47-CAL-8;161;
97.47-NEG-10;137;
97.47-NEG-4;180;
97.47-NEG-6;177;
97.47-NEG-8;132;
97.47-ROJ-10;143;
97.47-ROJ-4;183;
97.47-ROJ-6;183;
97.47-ROJ-8;153;
97.47-TUR-10;149;
97.47-TUR-4;167;
97.47-TUR-6;152;
97.47-TUR-8;68;
99.000-SUR-UNI;1000;
99.001-NEG-UNI;1000;
99.001-SUR;1000;
99.H13-SUR-UNI;1000;
99.H19-GRI-UNI;361;
99.H22-AZU-UNI;442;
99.H22-GRI-UNI;565;
99.H22-NEG-UNI;1000;
99.H23-NEG-UNI;1000;
99.HP3-GRA-UNI;1000;
99.HP302-GRI-39/42;1000;
99.HP302-GRI-43/46;1000;
99.HP303-NEG-39/42;1000;
99.HP303-NEG-43/46;1000;
99.HP304-BLA-39/42;1000;
99.HP304-BLA-43/46;799;
99.HP305-NEG-39/42;1000;
99.HP305-NEG-43/46;750;
99.HP307-NEG-UNI;1000;
99.M16-FUC-UNI;399;
99HP302-SUR-39/42;1000;
99HP302-SUR-43/46;1000;
99HP305-SUR-39/42;1000;
99HP305-SUR-43/46;1000;
99HP315-GRI-UNI;1000;
99HP316-NEG-UNI;1000;
99HP317-AZU-UNI;535;
99MP3-BFC-UNI;414;
99MP3-BNR-UNI;399;
99MP329-FUC-UNI;1000;
99MP330-VER-UNI;1000;
99MP331-MOR-UNI;1000;
99MP332-NEG-UNI;1000;
99MP333-ROS-UNI;1000;
99MP334-TUR-UNI;735;
99MP335-FUC-UNI;1000;
99MP336-GRI-UNI;1000;
99MP337-NEG-UNI;739;
99MP338-FUC-UNI;1000;
99MP339-MOR-UNI;1000;
99NP202-NEG-UNI;10;
99NP207-MOR-35/37;14;
99NP210-VER-30/34;97;
99NP310-NEG-35/36;765;
99NP311-FUC-35/36;765;
99NP312-GRI-30/34;728;
99NP313-VER-30/34;767;
99NP314-NEG-35/36;768;
99NP315-GRA-35/36;767;
99NP316-AZU-30/34;826;
99NP317-JEA-30/34;813;
AC.01-SUR;1000;
AC.02-SUR;1000;
AC.05-PIE-UNI;1000;
AC.06-BEI;1000;
AC.06-BLA;1000;
AC.06-NEG;1000;
AC.07-BEI-UNI;1000;
AC.07-BLA-UNI;1000;
AC.07-NEG-UNI;1000;
AC.10-PIE-UNI;1000;
AC.11-UNI;1000;
AC.12-UNI;1000;
AC.13-UNI;1000;
AC.14-UNI;1000;
AC.20-SUR1-UNI;1000;
AC.20-SUR2-UNI;1000;
AC.20-SUR3-UNI;1000;
AC.20-SUR4-UNI;1000;
AC.20-SUR5-UNI;1000;
AC.20-SUR6-UNI;1000;
AC.20-SUR7-UNI;1000;
CATA-1718;1000;
FRAG-RED-UNI;7;
KD04-KAYSER;14;
KH07-KAYSER;217;
P2101.06-COG-UNI;1000;
P2101.06-GRA-UNI;1000;
P2101.06-NAT-UNI;1000;
P2101.06-NEG-UNI;1000;
P214015-NEG-XL;950;
P21501-AZU-12;116;
P21501-AZU-16;147;
P217.400-BLA-10;1000;
P217.400-BLA-8;682;
P217400-LIL-10;1000;
P217400-LIL-6;110;
P217400-LIL-8;776;
P217400-ROS-10;1000;
P217400-ROS-6;80;
P217400-ROS-8;1000;
P217402-MOR-10;706;
P217402-MOR-8;66;
P217402-ROS-10;209;
P21801-SUR-L;525;
P21801-SUR-M;501;
P21801-SUR-XL;306;
P293111W-SUR-L;961;
P293111W-SUR-M;976;
P293111W-SUR-S;457;
P293111W-SUR-XL;967;
P293112W-SUR-L;958;
P293112W-SUR-M;964;
P293112W-SUR-S;463;
P293112W-SUR-XL;973;
P293113W-SUR-L;958;
P293113W-SUR-M;955;
P293113W-SUR-S;454;
P293113W-SUR-XL;967;
P313189-SUR-L;1000;
P313189-SUR-M;1000;
P313189-SUR-S;1000;
P393104-SUR-L;847;
P393104-SUR-M;771;
P393104-SUR-S;339;
P393104-SUR-XL;340;
P393111-SUR-L;854;
P393111-SUR-M;864;
P393111-SUR-S;370;
P393111-SUR-XL;381;
S13.02-AZU-L;1000;
S13.02-AZU-M;1000;
S13.02-AZU-S;255;
S13.02-MOR-L;1000;
S13.02-MOR-M;1000;
S13.02-MOR-S;373;
S13.02-NEG-L;1000;
S13.02-NEG-M;1000;
S13.02-NEG-S;206;
S13.02-ROJ-L;1000;
S13.02-ROJ-M;1000;
S13.02-ROJ-S;364;
S13.02-ROS-L;1000;
S13.02-ROS-M;1000;
S13.02-ROS-S;139;
S16.02-AZU-12;472;
S16.02-AZU-14;1000;
S16.02-AZU-16;1000;
S16.02-FUC-14;499;
S16.02-FUC-16;532;
S16.02-MOR-14;1000;
S16.02-MOR-16;1000;
S16.02-NEG-12;215;
S16.02-NEG-14;1000;
S16.02-NEG-16;1000;
S16.02-ROJ-12;237;
S16.02-ROJ-14;1000;
S16.02-ROJ-16;1000;
S16.02-ROS-14;1000;
S16.02-ROS-16;1000;
S17.02-AMA-10;976;
S17.02-AMA-8;232;
S17.02-AZU-10;1000;
S17.02-AZU-4;1000;
S17.02-AZU-6;1000;
S17.02-AZU-8;1000;
S17.02-CAL-10;1000;
S17.02-CAL-4;1000;
S17.02-CAL-6;1000;
S17.02-CAL-8;1000;
S17.02-LIL-10;1000;
S17.02-LIL-4;980;
S17.02-LIL-6;1000;
S17.02-LIL-8;1000;
S17.02-ROS-10;1000;
S17.02-ROS-4;1000;
S17.02-ROS-6;1000;
S17.02-ROS-8;1000;
S17.02-TUR-10;1000;
S17.02-TUR-8;458;
S17.02-VER-10;1000;
S17.02-VER-4;1000;
S17.02-VER-6;1000;
S17.02-VER-8;1000;
S6429-VER-10;188;
S6429-VER-4;305;
S6429-VER-6;197;
S6429-VER-8;73;
S6430-AMA-10;480;
S6430-AMA-4;438;
S6430-AMA-6;380;
S6430-AMA-8;347;
S6432-AZU-4;41;
S7433-AMA-10;413;
S7433-AMA-4;194;
S7433-AMA-6;244;
S7433-AMA-8;257;
S7433-ROJ-10;411;
S7433-ROJ-4;183;
S7433-ROJ-6;245;
S7433-ROJ-8;251;
S7434-AZU-10;410;
S7434-AZU-4;194;
S7434-AZU-6;246;
S7434-AZU-8;238;
S7434-NAR-10;408;
S7434-NAR-4;197;
S7434-NAR-6;250;
S7434-NAR-8;240;
S7633-AMA-12;474;
S7633-AMA-14;478;
S7633-AMA-16;595;
S7633-NAR-12;462;
S7633-NAR-14;471;
S7633-NAR-16;586;
S7634-CAL-12;485;
S7634-CAL-14;482;
S7634-CAL-16;600;
S7634-VER-12;485;
S7634-VER-14;483;
S7634-VER-16;588;
S7733W-AZU-XL;36;
S7734-NAR-L;301;
S7734-NAR-M;432;
S7734-NAR-S;290;
S7734-NAR-XL;242;
S7734-ROJ-L;312;
S7734-ROJ-M;424;
S7734-ROJ-S;306;
S7734-ROJ-XL;242;
S7735-AMA-L;297;
S7735-AMA-M;445;
S7735-AMA-S;313;
S7735-AMA-XL;247;
S7735-AZU-L;318;
S7735-AZU-M;440;
S7735-AZU-S;324;
S7735-AZU-XL;253;
S9321-GRI-XL;17;
S9321-ROJ-L;94;
S9321-ROJ-XL;146;
S9322-VER-L;73;
S9322-VER-XL;44;
S9323W-CAL-L;44;
S9324-AMA-L;625;
S9324-AMA-M;548;
S9324-AMA-S;86;
S9324-AMA-XL;314;
S9324-GRI-L;529;
S9324-GRI-M;480;
S9324-GRI-S;46;
S9324-GRI-XL;263;
S9325-AZU-L;770;
S9325-AZU-M;1000;
S9325-AZU-S;365;
S9325-AZU-XL;548;
S9325-NAR-L;740;
S9325-NAR-M;956;
S9325-NAR-S;371;
S9325-NAR-XL;539;
S9326-AMA-L;1000;
S9326-AMA-M;1000;
S9326-AMA-S;560;
S9326-AMA-XL;719;
S9326-GRI-L;836;
S9326-GRI-M;1000;
S9326-GRI-S;455;
S9326-GRI-XL;587;
S9326-NEG-L;791;
S9326-NEG-M;1000;
S9326-NEG-S;392;
S9326-NEG-XL;602;
S9326-ROJ-L;983;
S9326-ROJ-M;1000;
S9326-ROJ-S;548;
S9326-ROJ-XL;731;
S9422-AMA-16;58;
S9422-AZU-16;48;
S9423-AZU-12;127;
S9423-AZU-14;139;
S9423-AZU-16;473;
S9423-ROJ-12;76;
S9423-ROJ-14;109;
S9423-ROJ-16;406;
S9423-VER-12;133;
S9423-VER-14;130;
S9423-VER-16;895;
S9424-CAL-12;406;
S9424-CAL-14;412;
S9424-CAL-16;349;
S9424-VER-12;244;
S9424-VER-14;163;
S9424-VER-16;155;
S9425-AZU-12;580;
S9425-AZU-14;571;
S9425-AZU-16;545;
S9425-BLA-12;574;
S9425-BLA-14;574;
S9425-BLA-16;545;
S9425-NEG-12;577;
S9425-NEG-14;574;
S9425-NEG-16;545;
S95-03-CAL-12;861;
S95-03-CAL-14;1000;
S95-03-CAL-16;1000;
S95-03-NEG-12;635;
S95-03-NEG-14;1000;
S95-03-NEG-16;1000;
S95-03-VER-12;525;
S95-03-VER-14;1000;
S95-03-VER-16;1000;
S97.07-CAL-10;1000;
S97.07-CAL-4;437;
S97.07-CAL-6;290;
S97.07-CAL-8;1000;
S97.07-NAR-10;1000;
S97.07-NAR-4;355;
S97.07-NAR-6;383;
S97.07-NAR-8;1000;
S97.07-ROJ-10;1000;
S97.07-ROJ-4;380;
S97.07-ROJ-6;410;
S97.07-ROJ-8;1000;
S97.07-VER-10;1000;
S97.07-VER-4;382;
S97.07-VER-6;322;
S97.07-VER-8;1000;
S97.08-AZU-10;1000;
S97.08-AZU-4;1000;
S97.08-AZU-6;1000;
S97.08-AZU-8;1000;
S97.08-ROJ-10;1000;
S97.08-ROJ-4;1000;
S97.08-ROJ-6;1000;
S97.08-ROJ-8;1000;
S9703-AMA-10;1000;
S9703-AMA-4;1000;
S9703-AMA-6;1000;
S9703-AMA-8;1000;
S9703-AZU-10;906;
S9703-AZU-4;1000;
S9703-AZU-6;1000;
S9703-AZU-8;850;
S9703-CAL-10;1000;
S9703-CAL-4;1000;
S9703-CAL-6;1000;
S9703-CAL-8;1000;
S9703-NAR-10;1000;
S9703-NAR-4;1000;
S9703-NAR-6;1000;
S9703-NAR-8;1000;
S9703-ROJ-10;1000;
S9703-ROJ-4;1000;
S9703-ROJ-6;1000;
S9703-ROJ-8;1000;
S9703-VER-10;1000;
S9703-VER-4;1000;
S9703-VER-6;1000;
S9703-VER-8;1000;
S9709-AMA-10;1000;
S9709-AMA-4;296;
S9709-AMA-6;325;
S9709-AMA-8;1000;
S9709-AMA2-10;1000;
S9709-AMA2-4;1000;
S9709-AMA2-6;1000;
S9709-AMA2-8;1000;
S9709-AZU-10;1000;
S9709-AZU-4;699;
S9709-AZU-6;397;
S9709-AZU-8;1000;
S9709-CAL2-10;1000;
S9709-CAL2-4;1000;
S9709-CAL2-6;1000;
S9709-CAL2-8;1000;
S9709-CEL-10;1000;
S9709-CEL-4;1000;
S9709-CEL-6;1000;
S9709-CEL-8;1000;
S9709-NEG-4;1000;
S9709-NEG-6;1000;
S9709-NEG-8;275;
S9709-ROJ-10;1000;
S9709-ROJ-4;1000;
S9709-ROJ-6;1000;
S9709-ROJ-8;1000;
S9709-VER-10;1000;
S9709-VER-4;1000;
S9709-VER-6;1000;
S9709-VER-8;802;
ZH877-GRI-37/38;50;
