IdArticulo;NomArticulo;Cantidad;
10.034-BLA-L;278;228;
10.034-BLA-M;158;108;
10.034-BLA-XL;175;125;
10.034-NEG-L;367;317;
10.034-NEG-M;269;219;
10.034-NEG-XL;187;137;
10.034-TOS-L;318;268;
10.034-TOS-M;124;74;
10.034-TOS-XL;201;151;
10.07-AZU-L;1446;1396;
10.07-AZU-M;584;534;
10.07-AZU-S;208;158;
10.07-AZU-XL;1317;1267;
10.07-BCO-L;2548;2498;
10.07-BCO-M;1062;1012;
10.07-BCO-S;872;822;
10.07-BCO-XL;3194;3144;
10.07-BEI-L;4747;4697;
10.07-BEI-M;1113;1063;
10.07-BEI-S;1132;1082;
10.07-BEI-XL;3728;3678;
10.07-NEG-L;4115;4065;
10.07-NEG-M;1480;1430;
10.07-NEG-S;940;890;
10.07-NEG-XL;3197;3147;
10.09-BCO-L;2401;2351;
10.09-BCO-M;2160;2110;
10.09-BEI-L;697;647;
10.09-BEI-M;508;458;
10.09-BEI-S;347;297;
10.09-BEI-XL;682;632;
10.09-NEG-L;743;693;
10.09-NEG-M;827;777;
10.09-NEG-S;399;349;
10.105-BCO-L;6907;6857;
10.105-BCO-M;324;274;
10.105-BCO-XL;3056;3006;
10.105-NEG-L;304;254;
10.105-NEG-XL;782;732;
10.108-BEI-L;2167;2117;
10.108-BEI-M;2698;2648;
10.108-BEI-S;1760;1710;
10.108-BLA-L;899;849;
10.108-BLA-M;1415;1365;
10.108-BLA-S;660;610;
10.108-NEG-M;1286;1236;
10.108-NEG-S;600;550;
10.142-BEI-L;1393;1343;
10.142-BEI-XL;1502;1452;
10.142-BLA-L;1650;1600;
10.142-BLA-XL;4066;4016;
10.142-NEG-L;1118;1068;
10.15-BCO-L;8367;8317;
10.15-BCO-XL;5775;5725;
10.15-BEI-L;2391;2341;
10.15-BEI-XL;1984;1934;
10.15-NEG-L;695;645;
10.182-BLA-L;352;302;
10.182-BLA-M;143;93;
10.182-BLA-XL;4362;4312;
10.182-NEG-L;2436;2386;
10.182-NEG-M;2799;2749;
10.182-NEG-XL;3998;3948;
10.184-BLA-L;1264;1214;
10.184-BLA-M;308;258;
10.186-BEI-L;4413;4363;
10.186-BEI-M;3198;3148;
10.186-BEI-XL;3525;3475;
10.186-BLA-L;6457;6407;
10.186-BLA-M;1470;1420;
10.186-BLA-XL;2155;2105;
10.186-NEG-L;2209;2159;
10.186-NEG-M;1057;1007;
10.186-NEG-XL;1458;1408;
10.504-BEI-L;4382;4332;
10.504-BEI-M;4215;4165;
10.504-BEI-XL;4286;4236;
10.504-BLA-L;4344;4294;
10.504-BLA-M;4028;3978;
10.504-BLA-XL;4978;4928;
10.504-NEG-L;2723;2673;
10.504-NEG-M;2159;2109;
10.504-NEG-XL;1223;1173;
10.950-MOC-L;219;169;
10.950-MOC-M;52;2;
10.950-MOC-XL;350;300;
10.950-PET-L;1754;1704;
10.950-PET-M;1463;1413;
10.950-PET-XL;1783;1733;
101.00-BLA-UNI;565;515;
101.00-NAT-UNI;4057;4007;
101.00-NEG-UNI;4137;4087;
101.02-COG-2;1040;990;
101.02-COG-3;2717;2667;
101.02-COG-4;446;396;
101.02-GRA-2;1173;1123;
101.02-GRA-3;2078;2028;
101.02-GRA-4;75;25;
101.02-NAT-3;531;481;
101.02-NEG-2;567;517;
101.02-NEG-3;1862;1812;
101.02-NEG-4;102;52;
101.05-GRA-2;98;48;
101.05-GRA-3;696;646;
101.07-GRA-UNI;3362;3312;
101.07-NAT-UNI;4019;3969;
101.07-NEG-UNI;4155;4105;
101.08-GRA-2;1196;1146;
101.08-GRA-3;1839;1789;
101.08-GRA-4;266;216;
101.08-NAT-2;1428;1378;
101.08-NAT-3;2352;2302;
101.08-NAT-4;371;321;
101.08-NEG-2;579;529;
101.08-NEG-3;731;681;
101.10-GRI-2;1452;1402;
101.10-GRI-3;2239;2189;
101.10-GRI-4;266;216;
101.10-NEG-2;1259;1209;
101.10-NEG-3;2025;1975;
101.10-NEG-4;54;4;
101.11-GRI-2;954;904;
101.11-GRI-3;1959;1909;
101.11-GRI-4;320;270;
101.11-NAT-2;878;828;
101.11-NAT-3;1691;1641;
101.11-NAT-4;188;138;
101.11-NEG-2;742;692;
101.11-NEG-3;1404;1354;
101.12-GRI-2;1432;1382;
101.12-GRI-3;2255;2205;
101.12-GRI-4;247;197;
101.12-NEG-2;1217;1167;
101.12-NEG-3;1911;1861;
101.26-BUR-UNI;1087;1037;
101.26-CHO-UNI;907;857;
101.26-GRI-UNI;852;802;
101.26-NEG-UNI;683;633;
11.034-BLA-L;266;216;
11.034-BLA-M;99;49;
11.034-BLA-S;70;20;
11.034-BLA-XL;164;114;
11.034-NEG-L;267;217;
11.034-NEG-M;209;159;
11.034-NEG-S;93;43;
11.034-NEG-XL;154;104;
11.034-TOS-L;238;188;
11.034-TOS-M;159;109;
11.034-TOS-S;139;89;
11.034-TOS-XL;153;103;
11.07-BCO-L;2170;2120;
11.07-BCO-M;2061;2011;
11.07-BCO-S;761;711;
11.07-BCO-XL;1057;1007;
11.07-BEI-L;1673;1623;
11.07-BEI-M;1425;1375;
11.07-BEI-S;1150;1100;
11.07-BEI-XL;1072;1022;
11.07-NEG-L;1314;1264;
11.07-NEG-M;1073;1023;
11.07-NEG-S;940;890;
11.07-NEG-XL;283;233;
11.103-BCO-L;4299;4249;
11.103-BCO-XL;3657;3607;
11.105-BCO-L;4358;4308;
11.105-BCO-XL;3841;3791;
11.105-NEG-L;1506;1456;
11.184-BEI-L;3069;3019;
11.184-BEI-M;2193;2143;
11.184-BEI-S;1127;1077;
11.184-BEI-XL;2235;2185;
11.184-BLA-L;4490;4440;
11.184-BLA-M;2945;2895;
11.184-BLA-S;889;839;
11.184-BLA-XL;2070;2020;
11.184-NEG-L;1499;1449;
11.184-NEG-M;1013;963;
11.184-NEG-S;1016;966;
11.184-NEG-XL;894;844;
111.040-BEI-L;888;838;
111.040-BEI-XL;643;593;
111.040-BLA-L;1307;1257;
111.040-BLA-M;733;683;
111.040-BLA-S;182;132;
111.040-BLA-XL;899;849;
114.041-BLA-M;112;62;
114.041-NEG-M;102;52;
12.012-BLA-L;127;77;
12.012-BLA-M;126;76;
12.012-COR-L;127;77;
12.012-COR-M;125;75;
12.100-CAF-L;405;355;
12.100-CAF-M;510;460;
12.100-CAF-S;149;99;
12.100-GRI-L;405;355;
12.100-GRI-M;510;460;
12.100-GRI-S;150;100;
12.101-NEG-L;55;5;
12.101-NEG-M;54;4;
12.102-MEN-L;405;355;
12.102-MEN-M;557;507;
12.102-MEN-S;149;99;
12.188-AMA-L;1114;1064;
12.188-AMA-M;1114;1064;
12.188-AMA-S;550;500;
12.188-BEI-L;731;681;
12.188-BEI-M;1290;1240;
12.188-BEI-S;568;518;
12.188-BLA-L;2540;2490;
12.188-BLA-M;2535;2485;
12.188-BLA-S;1279;1229;
12.188-CAL-M;159;109;
12.188-CAL-S;463;413;
12.188-FUC-L;2122;2072;
12.188-FUC-M;2144;2094;
12.188-FUC-S;1298;1248;
12.188-MOR-L;1140;1090;
12.188-MOR-M;1056;1006;
12.188-MOR-S;592;542;
12.188-NEG-L;3395;3345;
12.188-NEG-M;3431;3381;
12.188-NEG-S;1434;1384;
12.188-TUR-L;1114;1064;
12.188-TUR-M;1116;1066;
12.188-TUR-S;517;467;
12.189-BEI-L;1452;1402;
12.189-BEI-M;1321;1271;
12.189-BEI-S;1239;1189;
12.189-BLA-L;4189;4139;
12.189-BLA-M;4351;4301;
12.189-BLA-S;1828;1778;
12.189-CAF-L;767;717;
12.189-CAF-M;700;650;
12.189-CAF-S;132;82;
12.189-NEG-L;2351;2301;
12.189-NEG-M;2323;2273;
12.189-NEG-S;504;454;
12.189-TUR-L;707;657;
12.189-TUR-M;595;545;
12.189-TUR-XL;189;139;
12.207-FLU-L;399;349;
12.207-FLU-M;349;299;
12.207-FLU-S;104;54;
12.207-GRI-L;239;189;
12.207-GRI-M;349;299;
12.207-GRI-S;104;54;
12.207-NEG-L;399;349;
12.207-NEG-M;349;299;
12.207-NEG-S;104;54;
12.289-JEA-L;305;255;
12.289-JEA-M;355;305;
12.289-JEA-S;60;10;
12.289-NEG-L;305;255;
12.289-NEG-M;355;305;
12.289-NEG-S;60;10;
12.289-ROS-L;305;255;
12.289-ROS-M;289;239;
12.289-ROS-S;60;10;
12.551-CAL-S;445;395;
12.987-ACE-L;61;11;
12.987-ACE-M;225;175;
12.987-ACE-XL;75;25;
12.987-NEG-M;413;363;
12.988-ACE-L;118;68;
12.988-NEG-L;228;178;
12.988-NEG-M;248;198;
12.989-AZU-L;64;14;
12.989-AZU-M;205;155;
12.989-FUC-L;93;43;
12.989-FUC-M;236;186;
12.990-ACE-M;164;114;
13.010-AZU-L;1525;1475;
13.010-AZU-M;3132;3082;
13.010-NEG-M;296;246;
13.012-MOR-L;127;77;
13.012-NEG-L;193;143;
13.07-BCO-L;845;795;
13.07-BCO-M;1987;1937;
13.07-BCO-S;1162;1112;
13.08-GRI-L;889;839;
13.08-GRI-M;888;838;
13.08-GRI-S;231;181;
13.08-MAR-L;889;839;
13.08-MAR-M;888;838;
13.08-MAR-S;231;181;
13.08-MEN-L;889;839;
13.08-MEN-M;888;838;
13.08-MEN-S;231;181;
13.08-ROS-L;889;839;
13.08-ROS-M;888;838;
13.08-ROS-S;231;181;
13.09-CAL-L;2788;2738;
13.09-CAL-M;2737;2687;
13.09-CAL-S;1085;1035;
13.09-CEL-L;682;632;
13.09-CEL-M;1158;1108;
13.09-FUC-L;3795;3745;
13.09-FUC-M;3759;3709;
13.09-FUC-S;807;757;
13.09-MOR-L;3034;2984;
13.09-MOR-M;3772;3722;
13.09-MOR-S;615;565;
13.09-NEG-L;2484;2434;
13.09-NEG-M;4860;4810;
13.09-NEG-S;516;466;
13.100-CAF-L;255;205;
13.100-CAF-M;410;360;
13.100-CAF-S;149;99;
13.100-GRI-L;255;205;
13.100-GRI-M;410;360;
13.100-GRI-S;150;100;
13.102-MEN-L;226;176;
13.102-MEN-M;445;395;
13.102-MEN-S;138;88;
13.107-FLU-L;800;750;
13.107-FLU-M;750;700;
13.107-FLU-S;250;200;
13.107-NEG-L;800;750;
13.107-NEG-M;750;700;
13.107-NEG-S;250;200;
13.147-AMA-L;715;665;
13.147-AMA-M;726;676;
13.147-AMA-S;552;502;
13.147-CAL-M;204;154;
13.147-CAL-S;152;102;
13.147-FUC-M;295;245;
13.147-FUC-S;433;383;
13.147-NAR-L;476;426;
13.147-NAR-M;1231;1181;
13.147-NAR-S;237;187;
13.189-BEI-L;1640;1590;
13.189-BEI-M;1310;1260;
13.189-BEI-S;698;648;
13.189-BLA-L;1513;1463;
13.189-BLA-M;1089;1039;
13.189-BLA-S;504;454;
13.189-CAF-L;791;741;
13.189-CAF-M;751;701;
13.189-CAF-S;287;237;
13.189-NEG-L;1868;1818;
13.189-NEG-M;1862;1812;
13.189-NEG-S;892;842;
13.189-TUR-L;868;818;
13.189-TUR-M;657;607;
13.189-TUR-S;373;323;
13.218-BLA-L;8376;8326;
13.218-BLA-S;1047;997;
13.218-BLA-XL;7908;7858;
13.218-NEG-L;4436;4386;
13.218-NEG-M;1600;1550;
13.218-NEG-S;1422;1372;
13.218-NEG-XL;3771;3721;
13.289-NEG-L;257;207;
13.289-NEG-M;307;257;
13.289-ROS-L;82;32;
13.505-BEI-L;114;64;
13.505-BEI-M;74;24;
13.512-NEG-L;372;322;
13.512-NEG-M;372;322;
13.512-NEG-S;174;124;
13.512-NEG-XL;194;144;
13.512-ROS-L;93;43;
13.512-ROS-M;479;429;
13.512-ROS-S;145;95;
13.512-ROS-XL;211;161;
13.514-MOC-L;1560;1510;
13.514-MOC-M;1560;1510;
13.514-MOC-S;390;340;
13.514-NEG-L;1560;1510;
13.514-NEG-M;1560;1510;
13.514-NEG-S;390;340;
13.781-BLA-M;1360;1310;
13.781-NEG-M;717;667;
13.997-ROS-L;223;173;
13.997-ROS-M;271;221;
13.999-AZU-M;94;44;
14.010-BLA-L;3286;3236;
14.010-BLA-M;2812;2762;
14.010-BLA-S;859;809;
14.010-CEL-L;141;91;
14.012-AZU-L;677;627;
14.012-AZU-M;487;437;
14.012-AZU-S;457;407;
14.012-COR-L;524;474;
14.012-COR-M;591;541;
14.012-COR-S;389;339;
14.012-MEN-L;441;391;
14.012-MEN-M;404;354;
14.012-MEN-S;328;278;
14.012-ROS-L;545;495;
14.012-ROS-M;486;436;
14.012-ROS-S;375;325;
14.014-CAL-M;418;368;
14.015-AZU-M;529;479;
14.015-AZU-S;328;278;
14.016-COR-L;503;453;
14.016-COR-M;118;68;
14.016-COR-S;92;42;
14.016-NEG-XL;400;350;
14.031-BLA-L;304;254;
14.031-BLA-M;245;195;
14.031-BLA-XL;168;118;
14.031-NEG-L;253;203;
14.031-NEG-M;218;168;
14.031-NEG-XL;154;104;
14.031-TOS-L;318;268;
14.031-TOS-M;241;191;
14.031-TOS-XL;184;134;
14.034-BLA-L;262;212;
14.034-BLA-M;232;182;
14.034-BLA-S;144;94;
14.034-BLA-XL;160;110;
14.034-NEG-L;256;206;
14.034-NEG-M;197;147;
14.034-NEG-S;53;3;
14.034-NEG-XL;166;116;
14.034-TOS-L;267;217;
14.034-TOS-M;297;247;
14.034-TOS-S;58;8;
14.034-TOS-XL;174;124;
14.041-AZU-L;345;295;
14.041-AZU-S;66;16;
14.041-ROJ-L;246;196;
14.041-ROY-L;582;532;
14.041-ROY-S;101;51;
14.042-BLA-L;395;345;
14.042-BLA-M;394;344;
14.042-BLA-S;250;200;
14.042-GRI-L;347;297;
14.042-GRI-M;396;346;
14.042-GRI-S;102;52;
14.042-MEN-L;345;295;
14.042-MEN-M;394;344;
14.042-MEN-S;102;52;
14.042-NEG-L;394;344;
14.042-NEG-M;389;339;
14.042-NEG-S;248;198;
14.042-ROS-L;345;295;
14.042-ROS-M;394;344;
14.042-ROS-S;100;50;
14.08-GRI-L;891;841;
14.08-GRI-M;888;838;
14.08-GRI-S;231;181;
14.08-MAR-L;891;841;
14.08-MAR-M;888;838;
14.08-MAR-S;231;181;
14.08-MEN-L;891;841;
14.08-MEN-M;888;838;
14.08-MEN-S;231;181;
14.08-ROS-L;891;841;
14.08-ROS-M;888;838;
14.08-ROS-S;231;181;
14.09-AZU-L;3635;3585;
14.09-AZU-M;3133;3083;
14.09-AZU-S;446;396;
14.09-BLA-L;7784;7734;
14.09-BLA-M;7275;7225;
14.09-BLA-S;2634;2584;
14.09-CAL-L;12070;12020;
14.09-CAL-M;8885;8835;
14.09-CAL-S;2944;2894;
14.09-FUC-L;7836;7786;
14.09-FUC-M;5722;5672;
14.09-FUC-S;1452;1402;
14.09-MOR-L;5793;5743;
14.09-MOR-M;7634;7584;
14.09-MOR-S;2444;2394;
14.09-NEG-L;5752;5702;
14.09-NEG-M;4209;4159;
14.09-NEG-S;2588;2538;
14.09-ROS-L;3194;3144;
14.09-ROS-M;3037;2987;
14.09-ROS-S;1463;1413;
14.100-CAF-L;952;902;
14.100-CAF-M;1501;1451;
14.100-CAF-S;398;348;
14.100-GRI-L;952;902;
14.100-GRI-M;1552;1502;
14.100-GRI-S;398;348;
14.101-NEG-L;210;160;
14.101-NEG-M;247;197;
14.102-MEN-L;901;851;
14.102-MEN-M;1247;1197;
14.102-MEN-S;313;263;
14.147-AMA-L;334;284;
14.147-AMA-M;654;604;
14.147-AMA-S;311;261;
14.147-FUC-M;289;239;
14.147-FUC-S;163;113;
14.148-AZL-L;909;859;
14.148-AZL-M;597;547;
14.148-AZL-S;402;352;
14.148-AZL-XL;136;86;
14.148-NAR-L;497;447;
14.148-NAR-M;477;427;
14.148-NAR-S;174;124;
14.148-NAR-XL;179;129;
14.170-BLA-L;3479;3429;
14.170-BLA-M;3649;3599;
14.170-BLA-S;1411;1361;
14.170-NEG-L;3960;3910;
14.170-NEG-M;4406;4356;
14.170-NEG-S;1601;1551;
14.184-BEI-L;2577;2527;
14.184-BEI-M;1343;1293;
14.184-BEI-S;1835;1785;
14.184-BLA-L;2569;2519;
14.184-BLA-S;794;744;
14.184-NEG-S;3005;2955;
14.186-BEI-L;4860;4810;
14.186-BEI-M;3130;3080;
14.186-BEI-S;1306;1256;
14.186-BEI-XL;1453;1403;
14.186-BLA-L;4671;4621;
14.186-BLA-M;2333;2283;
14.186-BLA-S;903;853;
14.186-BLA-XL;9826;9776;
14.186-NEG-L;1284;1234;
14.186-NEG-M;1011;961;
14.186-NEG-S;657;607;
14.186-NEG-XL;4826;4776;
14.189-BLA-L;510;460;
14.189-BLA-M;145;95;
14.189-BLA-XL;331;281;
14.189-CAF-L;479;429;
14.189-CAF-S;60;10;
14.189-CAF-XL;250;200;
14.189-NEG-XL;66;16;
14.189-TUR-L;391;341;
14.189-TUR-XL;201;151;
14.289-JEA-L;301;251;
14.289-JEA-M;96;46;
14.289-NEG-L;221;171;
14.289-NEG-M;271;221;
14.289-ROS-M;96;46;
14.505-BEI-L;386;336;
14.505-BEI-M;337;287;
14.505-BEI-S;52;2;
14.505-BEI-XL;167;117;
14.505-BLA-L;329;279;
14.505-BLA-M;285;235;
14.505-BLA-XL;103;53;
14.505-NEG-L;628;578;
14.505-NEG-M;614;564;
14.505-NEG-S;124;74;
14.505-NEG-XL;253;203;
14.512-NEG-L;514;464;
14.512-NEG-M;568;518;
14.512-NEG-S;220;170;
14.512-NEG-XL;349;299;
14.512-ROS-L;459;409;
14.512-ROS-M;516;466;
14.512-ROS-S;242;192;
14.512-ROS-XL;417;367;
14.516-MEN-L;390;340;
14.516-MEN-M;239;189;
14.516-MEN-S;147;97;
14.517-DAM-L;391;341;
14.517-DAM-M;430;380;
14.517-DAM-S;147;97;
14.520-COR-L;392;342;
14.520-COR-M;241;191;
14.520-COR-S;147;97;
14.551-AZU-L;287;237;
14.551-AZU-M;186;136;
14.551-BER-L;550;500;
14.551-BER-M;614;564;
14.551-CAL-L;433;383;
14.551-CAL-M;227;177;
14.551-VER-L;674;624;
14.781-BLA-L;1454;1404;
14.781-BLA-M;2819;2769;
14.781-BLA-S;542;492;
14.781-NEG-L;755;705;
14.781-NEG-M;2978;2928;
14.781-NEG-S;460;410;
14.781-PET-M;783;733;
14.781-TER-L;359;309;
14.781-TER-M;897;847;
14.925-AZU-L;133;83;
14.925-AZU-M;78;28;
14.973-NEG-M;175;125;
14.987-ACE-XL;315;265;
14.987-NEG-M;77;27;
14.987-NEG-XL;394;344;
14.989-AZU1-L;238;188;
14.989-AZU1-M;569;519;
14.989-AZU1-XL;451;401;
14.989-FUC-L;313;263;
14.989-FUC-M;288;238;
14.989-FUC-XL;95;45;
14.990-ACE-L;288;238;
14.990-ACE-M;98;48;
14.990-ACE-XL;112;62;
14.990-MOR-L;212;162;
14.992-MOC-L;68;18;
14.992-MOC-M;188;138;
14.992-MOC-XL;167;117;
14.994-NEG-L;188;138;
14.994-NEG-M;224;174;
14.997-ROS-L;434;384;
14.997-ROS-M;477;427;
14.998-BLA-L;98;48;
14.998-BLA-M;347;297;
14.999-AZU-L;100;50;
14.999-AZU-M;250;200;
141.040-NEG-L;115;65;
141.040-NEG-M;111;61;
15.010-AZU-12;82;32;
15.010-AZU-14;168;118;
15.010-BLA-12;1011;961;
15.010-BLA-14;2048;1998;
15.010-BLA-16;782;732;
15.010-CAL-12;345;295;
15.010-CAL-14;860;810;
15.010-CAL-16;271;221;
15.010-FUC-14;158;108;
15.010-NEG-12;925;875;
15.010-NEG-14;2189;2139;
15.010-NEG-16;864;814;
15.010-NEG1-12;502;452;
15.010-NEG1-14;942;892;
15.010-NEG1-16;514;464;
15.09-AZU-14;349;299;
15.09-COR-12;774;724;
15.09-COR-14;1258;1208;
15.09-COR-16;542;492;
15.09-FUC-14;1136;1086;
15.09-MOR-12;363;313;
15.09-MOR-14;1607;1557;
15.09-MOR-16;844;794;
15.09-NEG-12;1973;1923;
15.09-NEG-14;4130;4080;
15.09-NEG-16;2906;2856;
15.09-ROS-12;283;233;
15.09-ROS-14;1154;1104;
15.09-ROS-16;950;900;
150.01-BEIC-34;973;923;
150.01-BEIC-36;2285;2235;
150.01-BEIC-38;2300;2250;
150.01-BEIC-40;738;688;
150.01-NEGC-34;962;912;
150.01-NEGC-36;1816;1766;
150.01-NEGC-38;1439;1389;
150.01-NEGC-40;535;485;
150.02-BEIC-34;55;5;
150.02-BEIC-36;731;681;
150.02-BEIC-38;991;941;
150.02-BEIC-40;1204;1154;
150.02-BEIC-42;284;234;
150.02-NEGC-38;369;319;
150.02-NEGC-40;1093;1043;
150.04-BEIC-L;1389;1339;
150.04-BEIC-XL;1863;1813;
150.04-BEIC-XXL;203;153;
150.04-NEGC-L;1556;1506;
150.04-NEGC-M;57;7;
150.04-NEGC-XL;1152;1102;
150.05-BEI-L;591;541;
150.05-BEI-M;364;314;
150.05-BEI-XL;1960;1910;
150.05-BEI-XXL;407;357;
150.05-NEG-M;340;290;
150.05-NEG-XL;1384;1334;
150.05-NEG-XXL;156;106;
16.012-CAL-12;294;244;
16.012-CAL-14;1451;1401;
16.012-CAL-16;1362;1312;
16.012-FUC-12;76;26;
16.012-FUC-14;1741;1691;
16.012-FUC-16;1011;961;
16.012-MOR-12;596;546;
16.012-MOR-14;1309;1259;
16.012-MOR-16;1612;1562;
16.012-NEG-12;574;524;
16.012-NEG-14;1668;1618;
16.012-NEG-16;1353;1303;
160.11-BEI-L;384;334;
160.11-BEI-M;55;5;
160.11-BEI-S;279;229;
160.11-BEI-XL;57;7;
160.11-BEI-XXL;153;103;
17.012-CAL-10;970;920;
17.012-CAL-4;374;324;
17.012-CAL-6;612;562;
17.012-CAL-8;556;506;
17.012-FUC-10;2387;2337;
17.012-FUC-4;611;561;
17.012-FUC-6;877;827;
17.012-FUC-8;1275;1225;
17.012-MOR-10;2054;2004;
17.012-MOR-4;687;637;
17.012-MOR-6;644;594;
17.012-MOR-8;2089;2039;
17.012-NAR-10;710;660;
17.012-NAR-4;277;227;
17.012-NAR-6;485;435;
17.012-NAR-8;646;596;
17.012-ROS-10;4121;4071;
17.012-ROS-4;1466;1416;
17.012-ROS-6;1707;1657;
17.012-ROS-8;3458;3408;
17.012-VER-10;3443;3393;
17.012-VER-4;1498;1448;
17.012-VER-6;1640;1590;
17.012-VER-8;2246;2196;
18.07-BCO-52;2373;2323;
18.07-BCO-54;221;171;
18.07-BEI-52;2737;2687;
18.07-NEG-52;2445;2395;
18.08-CEL-L;2385;2335;
18.08-CEL-M;293;243;
18.08-CEL-XL;2105;2055;
18.08-ROS-L;1606;1556;
18.08-ROS-M;80;30;
18.08-ROS-XL;2083;2033;
25.01-AZU-10;597;547;
25.01-AZU-12;1073;1023;
25.01-AZU-14;2145;2095;
25.01-AZU-16;2507;2457;
25.112-BCO-12;2163;2113;
25.112-BCO-14;6281;6231;
25.112-BCO-16;6226;6176;
25.113-BLA-12;70;20;
25.113-ROS-12;125;75;
25.113-ROS-14;404;354;
25.113-ROS-16;197;147;
25.114-BLA-16;433;383;
25.114-CAL-12;148;98;
25.114-CAL-14;776;726;
25.114-CAL-16;1112;1062;
25.114-FUC-14;676;626;
25.114-FUC-16;1038;988;
25.114-NEG-12;64;14;
25.114-NEG-14;433;383;
25.114-NEG-16;231;181;
25.114-ROS-14;446;396;
25.114-ROS-16;556;506;
25.147-CAL-14;157;107;
25.147-CAL-16;130;80;
25.147-FLU-14;157;107;
25.147-FLU-16;152;102;
25.978-NEG-12;129;79;
25.978-NEG-14;463;413;
25.993-NEG-14;69;19;
25.994-CAL-14;340;290;
25.994-CAL-16;343;293;
25.994-FUC-12;72;22;
25.994-FUC-14;202;152;
25.994-FUC-16;152;102;
25.994-NEG-14;343;293;
25.994-NEG-16;343;293;
40.03-BLA-L;368;318;
40.03-BLA-XL;213;163;
40.10-BCO-L;3409;3359;
40.10-BCO-M;2543;2493;
40.10-BCO-S;956;906;
40.10-BCO-XL;1904;1854;
47.01-BCO-10;278;228;
47.11-BCO-8;173;123;
50.011-AZUB-36;2654;2604;
50.011-BERB-36;1234;1184;
50.011-BERB-38;3002;2952;
50.011-BERB-40;3884;3834;
50.011-CALB-36;4969;4919;
50.011-CARB-36;824;774;
50.011-CARB-38;2964;2914;
50.011-CARB-40;3617;3567;
50.011-CELC-36;1631;1581;
50.011-CELC-38;1143;1093;
50.011-CELC-40;1982;1932;
50.011-COR-38;105;55;
50.011-CORB-40;282;232;
50.011-FLUB-36;573;523;
50.011-FLUB-38;2258;2208;
50.011-FLUB-40;2700;2650;
50.011-FLUC-36;1475;1425;
50.011-FLUC-38;249;199;
50.011-FLUC-40;1561;1511;
50.011-FRUB-36;2045;1995;
50.011-FRUC-38;209;159;
50.011-FRUC-40;1493;1443;
50.011-FUCB-38;220;170;
50.011-FUCB-40;1085;1035;
50.011-GRIB-36;3560;3510;
50.011-MAG1C-36;683;633;
50.011-MAG1C-38;150;100;
50.011-MAGC-34;417;367;
50.011-MAGC-36;190;140;
50.011-MAGC-38;1380;1330;
50.011-MAGC-40;1830;1780;
50.011-MOR-36;2734;2684;
50.011-MOR-38;373;323;
50.011-MORB-40;1120;1070;
50.011-NAVB-36;716;666;
50.011-NAVB-38;1943;1893;
50.011-NAVB-40;2256;2206;
50.011-NEGB-36;2442;2392;
50.011-NEGB-38;664;614;
50.011-NEGB-40;1863;1813;
50.011-NEGC-36;12244;12194;
50.011-NEGC-38;2610;2560;
50.011-NEGC-40;2845;2795;
50.011-PURB-36;1783;1733;
50.011-PURB-38;4042;3992;
50.011-PURB-40;4492;4442;
50.011-PURC-34;78;28;
50.011-PURC-36;1620;1570;
50.011-PURC-38;1726;1676;
50.011-PURC-40;2615;2565;
50.011-ROSC-36;2495;2445;
50.011-TURB-36;263;213;
50.011H-AZUB-36;2729;2679;
50.011H-AZUB-38;1912;1862;
50.011H-CALB-36;2829;2779;
50.011H-CALB-38;2306;2256;
50.011H-FRUB-36;3471;3421;
50.011H-FRUB-38;2090;2040;
50.011H-MORB-36;1071;1021;
50.011H-NEGB-36;334;284;
50.011H-ROJB-36;312;262;
50.011H-VIOB-36;2838;2788;
50.011H-VIOB-38;2128;2078;
50.014-AZUB-36;1154;1104;
50.014-BERB-40;876;826;
50.014-CALB-36;4249;4199;
50.014-CALB-38;937;887;
50.014-CARB-40;1083;1033;
50.014-CELC-36;443;393;
50.014-FLUC-36;91;41;
50.014-FRUB-36;1590;1540;
50.014-FRUC-36;181;131;
50.014-NEG1C-40;520;470;
50.014-NEG2C-36;59;9;
50.014-NEGC-36;4357;4307;
50.014-PURB-40;1717;1667;
50.014-ROJC-36;220;170;
50.014-ROSC-36;2756;2706;
50.014H-ETMOB-36;98;48;
50.014W-ANPRC-40;168;118;
50.014W-GRIC-36;199;149;
50.014W-GRIC-40;596;546;
50.014W-MORC-40;518;468;
50.014W-ROSB-36;589;539;
50.014W-ROSB-38;798;748;
50.014W-ROSC-40;196;146;
50.015-AZUC-34;784;734;
50.015-AZUC-36;2459;2409;
50.015-AZUC-38;1303;1253;
50.015-NEG1B-36;126;76;
50.015-NEG1B-38;284;234;
50.015-NEG1B-40;162;112;
50.015-PETC-34;87;37;
50.015-PETC-36;997;947;
50.015-PETC-38;786;736;
50.015-PETC-40;190;140;
50.016-AZLC-34;297;247;
50.016-AZLC-36;946;896;
50.016-AZLC-38;221;171;
50.016-CARB-34;219;169;
50.016-CARB-36;1988;1938;
50.016-CARB-38;1666;1616;
50.016-CARB-40;546;496;
50.016-FUC-34;54;4;
50.016-FUC-36;678;628;
50.016-FUC-38;74;24;
50.016-NEGB-34;364;314;
50.016-NEGB-36;2185;2135;
50.016-NEGB-38;2185;2135;
50.016-NEGB-40;685;635;
50.016-PETC-34;376;326;
50.016-PETC-36;1704;1654;
50.016-PETC-38;1165;1115;
50.016-PETC-40;324;274;
50.018-AZUD-38;981;931;
50.018-AZUD-40;399;349;
50.018-AZUD-42;642;592;
50.018-CELD-40;101;51;
50.018-CELD-42;525;475;
50.018-MORD-38;340;290;
50.018-MORD-40;401;351;
50.018-MORD-42;782;732;
50.018-NEGD-38;355;305;
50.018-NEGD-40;76;26;
50.018-NEGD-42;501;451;
50.018-PETD-40;80;30;
50.018-PETD-42;581;531;
50.019-AZUD-38;713;663;
50.019-CELD-36;187;137;
50.019-CELD-38;909;859;
50.019-CELD-40;439;389;
50.019-CELD-42;471;421;
50.019-CORD-34;93;43;
50.019-CORD-36;138;88;
50.019-CORD-38;525;475;
50.019-CORD-40;275;225;
50.019-NEGD-34;65;15;
50.019-NEGD-38;306;256;
50.020-FUCD-34;68;18;
50.020-FUCD-36;66;16;
50.020-FUCD-38;390;340;
50.020-FUCD-40;89;39;
50.020-NEGD-38;147;97;
50.020-NEGD-42;68;18;
50.020-NEGD1-34;55;5;
50.020-NEGD1-38;292;242;
50.020-PETD-36;84;34;
50.020-PETD-38;725;675;
50.020-PETD-42;390;340;
50.100-CAFC-36;321;271;
50.100-CAFC-38;295;245;
50.100-CAFC-40;114;64;
50.100-CAFD-36;79;29;
50.100-CAFD-38;166;116;
50.100-GRIC-36;249;199;
50.100-GRIC-38;295;245;
50.100-GRIC-40;105;55;
50.101-NEGB-34;105;55;
50.101-NEGB-36;199;149;
50.101-NEGB-38;205;155;
50.102-MENC-34;486;436;
50.102-MENC-36;1980;1930;
50.102-MENC-38;1105;1055;
50.107-FLU-L;800;750;
50.107-FLU-M;750;700;
50.107-FLU-S;250;200;
50.107-NEG-L;800;750;
50.107-NEG-M;750;700;
50.107-NEG-S;250;200;
50.108-BUR-L;476;426;
50.108-BUR-M;991;941;
50.108-BUR-S;959;909;
50.108-NEG-L;597;547;
50.108-NEG-M;1197;1147;
50.108-NEG-S;1221;1171;
50.117-BLAB-34;5217;5167;
50.117-BLAB-36;9863;9813;
50.117-BLAB-38;10465;10415;
50.117-NEGB-34;668;618;
50.117-NEGB-36;1610;1560;
50.117-NEGB-38;1357;1307;
50.136-BEID-36;947;897;
50.136-BEID-38;768;718;
50.136-BEID-40;539;489;
50.136-BEID-42;158;108;
50.136-BLAD-34;595;545;
50.136-BLAD-36;4412;4362;
50.136-BLAD-38;926;876;
50.136-BLAD-42;336;286;
50.136-NEGD-36;4003;3953;
50.136-NEGD-38;778;728;
50.136-NEGD-40;183;133;
50.136-NEGD-42;223;173;
50.137-BEIC-36;199;149;
50.137-BEIC-38;706;656;
50.137-BEIC-40;1845;1795;
50.137-BEIC-42;303;253;
50.137-BLAC-36;1052;1002;
50.137-BLAC-38;1397;1347;
50.137-BLAC-40;2774;2724;
50.137-BLAC-42;989;939;
50.137-NEGC-36;973;923;
50.137-NEGC-38;1462;1412;
50.137-NEGC-40;1800;1750;
50.137-NEGC-42;192;142;
50.139-ACEB-36;2394;2344;
50.139-AZUB-36;587;537;
50.147-FUC-L;73;23;
50.148-AZL-L;263;213;
50.148-AZL-M;335;285;
50.148-FUC-L;268;218;
50.148-FUC-M;297;247;
50.178-BLAC-36;599;549;
50.178-BLAC-38;900;850;
50.178-BLAC-40;798;748;
50.178-BLAC-42;251;201;
50.178-BLAD-36;1727;1677;
50.178-BLAD-38;2406;2356;
50.178-BLAD-40;1777;1727;
50.178-BLAD-42;974;924;
50.178-NEGC-36;761;711;
50.178-NEGC-38;1321;1271;
50.178-NEGC-40;1818;1768;
50.178-NEGC-42;141;91;
50.178-NEGD-36;601;551;
50.178-NEGD-38;888;838;
50.178-NEGD-40;429;379;
50.178-NEGD-42;417;367;
50.179-ACE-36;942;892;
50.179-ACE-38;916;866;
50.179-ACE-40;1433;1383;
50.179-ACED-42;1141;1091;
50.179-BLAD-36;60;10;
50.179-NEG-36;152;102;
50.179-NEG-38;462;412;
50.179-NEG-40;571;521;
50.179-NEGD-42;998;948;
50.179-ROS-36;471;421;
50.179-ROS-38;563;513;
50.179-ROS-40;925;875;
50.179-ROSD-42;1005;955;
50.182-BLAC-36;3439;3389;
50.182-BLAC-38;1812;1762;
50.182-BLAC-40;3479;3429;
50.182-NEGC-36;6977;6927;
50.182-NEGC-38;1202;1152;
50.182-NEGC-40;1543;1493;
50.235-BLAC-38;2382;2332;
50.235-BLAC-40;513;463;
50.236-BLAC-34;59;9;
50.236-BLAC-36;360;310;
50.236-BLAC-38;706;656;
50.236-BLAC-40;566;516;
50.241-BLAC-34;1206;1156;
50.241-BLAC-36;2480;2430;
50.241-BLAC-38;462;412;
50.241-NEGC-34;979;929;
50.241-NEGC-36;4363;4313;
50.241-NEGC-38;257;207;
50.289-JEAB-36;198;148;
50.289-NEGB-38;121;71;
50.289-ROSB-38;58;8;
50.317-BLA-36;181;131;
50.317-BLA-38;245;195;
50.317-BLA-40;753;703;
50.317-BLA-42;778;728;
50.317-NEG-36;485;435;
50.317-NEG-38;191;141;
50.317-NEG-40;448;398;
50.317-NEG-42;623;573;
50.334-BEIC-38;296;246;
50.334-BEIC-40;261;211;
50.334-BLAC-36;154;104;
50.334-BLAC-38;94;44;
50.334-NEGC-36;115;65;
50.334-NEGC-38;305;255;
50.334-NEGC-40;293;243;
50.410-BLA-30A;196;146;
50.410-BLA-32A;798;748;
50.410-BLA-34A;811;761;
50.410-ROS-30A;1264;1214;
50.410-ROS-32A;1931;1881;
50.410-ROS-34A;2000;1950;
50.506-BCO-32;93;43;
50.506-BCO-34;673;623;
50.506-BCO-36;1116;1066;
50.506-BCO-38;502;452;
50.506-NEG-32;681;631;
50.506-NEG-34;413;363;
50.512-NEGB-34;223;173;
50.512-NEGB-36;488;438;
50.512-NEGB-38;480;430;
50.512-NEGB-40;246;196;
50.512-ROSB-34;218;168;
50.512-ROSB-36;414;364;
50.512-ROSB-38;385;335;
50.512-ROSB-40;281;231;
50.513-BCO-36;2239;2189;
50.513-BCO-38;3634;3584;
50.513-BCO-40;3309;3259;
50.513-BCO-42;2379;2329;
50.513-BEI-36;1412;1362;
50.513-BEI-38;2891;2841;
50.513-BEI-40;1935;1885;
50.513-BEI-42;1358;1308;
50.513-NEG-36;2001;1951;
50.513-NEG-38;3390;3340;
50.513-NEG-40;2219;2169;
50.513-NEG-42;702;652;
50.514-MOCC-36;475;425;
50.514-MOCC-38;807;757;
50.514-MOCC-40;147;97;
50.514-NEGC-34;237;187;
50.514-NEGC-36;417;367;
50.514-NEGC-38;777;727;
50.514-NEGC-40;267;217;
50.516-MENB-34;147;97;
50.516-MENB-36;291;241;
50.516-MENB-38;306;256;
50.517-DAMC-34;97;47;
50.517-DAMC-36;242;192;
50.517-DAMC-38;141;91;
50.517-DAMC-40;97;47;
50.518-BCO-42;357;307;
50.520-CORC-34;97;47;
50.520-CORC-36;244;194;
50.520-CORC-38;144;94;
50.520-CORC-40;97;47;
50.521-BEID-34;88;38;
50.521-BEID-36;237;187;
50.521-BEID-38;450;400;
50.521-BEID-40;263;213;
50.521-BLAD-36;190;140;
50.521-BLAD-38;629;579;
50.521-BLAD-40;295;245;
50.521-BURD-34;95;45;
50.521-BURD-36;113;63;
50.521-BURD-38;309;259;
50.521-BURD-40;253;203;
50.521-NEGD-34;187;137;
50.521-NEGD-36;372;322;
50.521-NEGD-38;636;586;
50.521-NEGD-40;475;425;
50.530-BCO-36;1418;1368;
50.530-BCO-38;1096;1046;
50.530-BEI-32;316;266;
50.530-BEI-36;450;400;
50.530-BEI-38;260;210;
50.530-NEG-32;245;195;
50.530-NEG-36;1211;1161;
50.530-NEG-38;535;485;
50.531-BCO-36;390;340;
50.532-CALB-32;57;7;
50.532-CALB-34;386;336;
50.532-CALB-36;726;676;
50.532-CALB-38;331;281;
50.532-FUCB-34;472;422;
50.532-FUCB-36;702;652;
50.532-FUCB-38;313;263;
50.532-MORB-32;55;5;
50.532-MORB-34;506;456;
50.532-MORB-36;677;627;
50.532-MORB-38;211;161;
50.532-NEGB-32;139;89;
50.532-NEGB-34;585;535;
50.532-NEGB-36;921;871;
50.532-NEGB-38;376;326;
50.535-NEG-32;756;706;
50.535-NEG-34;252;202;
50.539-ACEB-34;222;172;
50.539-ACEB-36;543;493;
50.539-BCO-32;282;232;
50.539-BCO-34;1883;1833;
50.539-BCO-36;3183;3133;
50.539-BCO-38;1980;1930;
50.539-BLAB-40;2360;2310;
50.539-NEG-34;1522;1472;
50.539-NEG-36;2814;2764;
50.539-NEG-38;1072;1022;
50.539-NEGB-40;551;501;
50.552-BEIB-40;1190;1140;
50.552-BEIB-42;733;683;
50.552-BLAB-36;312;262;
50.552-BLAB-38;1514;1464;
50.552-BLAB-40;882;832;
50.552-BLAB-42;2034;1984;
50.552-NEG-36;101;51;
50.552-NEGB-36;974;924;
50.552-NEGB-38;2937;2887;
50.552-NEGB-40;3397;3347;
50.552-NEGB-42;2315;2265;
50.613-BEIC-36;260;210;
50.613-BEIC-38;1193;1143;
50.613-BEIC-40;1261;1211;
50.613-BEIC-42;930;880;
50.613-BLAC-36;154;104;
50.613-BLAC-38;1025;975;
50.613-BLAC-40;1122;1072;
50.613-BLAC-42;782;732;
50.613-NEGC-36;150;100;
50.613-NEGC-38;1068;1018;
50.613-NEGC-40;1136;1086;
50.613-NEGC-42;766;716;
50.623-BLAB-34;258;208;
50.623-BLAB-36;316;266;
50.623-BLAB-38;545;495;
50.623-NEGB-34;260;210;
50.623-NEGB-36;408;358;
50.623-NEGB-38;540;490;
50.623-TURB-34;424;374;
50.623-TURB-36;610;560;
50.623-TURB-38;708;658;
50.635-BEIC-36;1209;1159;
50.635-BEIC-38;356;306;
50.635-BEIC-42;121;71;
50.635-BLAC-36;796;746;
50.635-BLAC-42;142;92;
50.635-NEGC-36;885;835;
50.635-NEGC-38;63;13;
50.635-NEGC-42;158;108;
50.781-NEGC-36;617;567;
50.781-PETB-36;1484;1434;
50.781-PETC-40;119;69;
50.781-TERB-36;1906;1856;
50.781-TERC-40;161;111;
50.813-BLA-L;1047;997;
50.813-BLA-M;773;723;
50.813-BLA-S;238;188;
50.813-BLA-XL;368;318;
50.813-NEG-L;1047;997;
50.813-NEG-M;873;823;
50.813-NEG-S;355;305;
50.813-NEG-XL;326;276;
50.851-BLAC-34;266;216;
50.851-BLAC-36;400;350;
50.851-BLAC-38;907;857;
50.851-BLAC-40;516;466;
50.851-CAFC-34;285;235;
50.851-CAFC-36;451;401;
50.851-CAFC-38;829;779;
50.851-CAFC-40;335;285;
50.851-NEGC-34;207;157;
50.851-NEGC-36;136;86;
50.851-NEGC-38;537;487;
50.851-NEGC-40;260;210;
50.910-ACED-34;292;242;
50.910-ACED-36;1153;1103;
50.910-ACED-42;533;483;
50.910-NEGD-34;739;689;
50.910-NEGD-36;3470;3420;
50.910-NEGD-38;1407;1357;
50.910-NEGD-42;278;228;
50.910-RUBD-34;491;441;
50.910-RUBD-36;2358;2308;
50.910-RUBD-38;430;380;
50.910-RUBD-42;401;351;
50.912-BEID-36;479;429;
50.912-BEID-38;887;837;
50.912-BEID-40;854;804;
50.912-BLAD-34;170;120;
50.912-BLAD-36;1279;1229;
50.912-BLAD-38;2158;2108;
50.912-BLAD-40;1600;1550;
50.912-NEGD-36;985;935;
50.912-NEGD-38;1002;952;
50.912-NEGD-40;1059;1009;
50.913-GRI-L;767;717;
50.913-GRI-M;1227;1177;
50.913-GRI-S;1058;1008;
50.913-NEG-L;164;114;
50.913-NEG-M;608;558;
50.913-NEG-S;609;559;
50.925-AZUB-36;181;131;
50.925-AZUB-38;234;184;
50.950-MOCD-34;452;402;
50.950-MOCD-36;1286;1236;
50.950-MOCD-38;1317;1267;
50.950-MOCD-40;1631;1581;
50.950-PETD-34;617;567;
50.950-PETD-36;2065;2015;
50.950-PETD-38;2332;2282;
50.950-PETD-40;2764;2714;
50.950-PETD-42;320;270;
50.951-BLAB-34;218;168;
50.951-BLAB-36;257;207;
50.951-BLAB-38;431;381;
50.951-NEGB-34;74;24;
50.951-NEGB-36;104;54;
50.971-NEGC-36;198;148;
50.971-NEGC-40;121;71;
50.973-NEGC-34;175;125;
50.973-NEGC-36;2051;2001;
50.973-NEGC-38;1015;965;
50.979-NEGC-36;1041;991;
50.979-NEGC-38;260;210;
50.981-AZUC-36;283;233;
50.984-NEGC-36;698;648;
50.985-AZUC-36;171;121;
50.985-AZUC-40;107;57;
50.986-ACEC-38;64;14;
50.986-ACEC-40;96;46;
50.987-ACEC-36;201;151;
50.987-ACEC-38;110;60;
50.987-ACEC-40;391;341;
50.987-NEGC-34;121;71;
50.987-NEGC-36;871;821;
50.987-NEGC-38;746;696;
50.987-NEGC-40;542;492;
50.988-ACEB-40;120;70;
50.988-NEGB-40;109;59;
50.989-AZU1D-36;338;288;
50.989-AZU1D-38;292;242;
50.989-AZU1D-40;267;217;
50.989-AZU1D-42;265;215;
50.989-AZUD-34;327;277;
50.989-AZUD-36;55;5;
50.989-AZUD-42;144;94;
50.989-FUCD-34;613;563;
50.989-FUCD-36;293;243;
50.989-FUCD-38;640;590;
50.989-FUCD-42;300;250;
50.990-ACEC-34;278;228;
50.990-ACEC-36;117;67;
50.990-ACEC-42;222;172;
50.990-MORC-36;463;413;
50.990-MORC-38;195;145;
50.990-MORC-40;115;65;
50.990-MORC-42;315;265;
50.992-MOCC-34;57;7;
50.992-MOCC-36;287;237;
50.992-MOCC-38;474;424;
50.992-MOCC-40;131;81;
50.992-MOCD-36;196;146;
50.992-MOCD-38;272;222;
50.992-MOCD-42;68;18;
50.992-NEGC-36;122;72;
50.992-NEGC-38;297;247;
50.992-NEGD-38;122;72;
50.994-NEGB-34;562;512;
50.994-NEGB-36;461;411;
50.994-NEGB-38;392;342;
50.997-ROSB-34;509;459;
50.997-ROSB-36;568;518;
50.997-ROSB-38;682;632;
50.998-BLAC-34;180;130;
50.998-BLAC-36;887;837;
50.998-BLAC-38;216;166;
50.998-BLAD-36;320;270;
50.998-BLAD-38;115;65;
50.999-AZUC-36;569;519;
50.999-AZUC-38;451;401;
50K102-SUR-UNI;54;4;
51.01-VER-30A;610;560;
51.01-VER-32A;1666;1616;
51.01-VER-34A;1808;1758;
51.994-FUCA-32;196;146;
51.994-FUCA-34;196;146;
51.994-GRIA-32;143;93;
51.994-GRIA-34;194;144;
51.994-NEGA-32;196;146;
51.994-NEGA-34;196;146;
60.1073-FRU-L;63;13;
60.1081-FUC-L;143;93;
60.1087-FUC-L;145;95;
60.1120-ROS-L;637;587;
60.1120-ROS-M;727;677;
60.1120-ROS-S;347;297;
60.1120-ROS-XL;394;344;
60.1121-BUR-L;355;305;
60.1121-BUR-M;419;369;
60.1121-BUR-S;178;128;
60.1121-BUR-XL;168;118;
60.1122-BLA-L;324;274;
60.1122-BLA-M;324;274;
60.1122-BLA-S;140;90;
60.1122-BLA-XL;125;75;
60.605-BCO-L;1645;1595;
60.605-BCO-M;835;785;
60.605-BCO-XL;1267;1217;
60.605-NEG-L;1852;1802;
60.605-NEG-M;742;692;
60.605-NEG-XL;1244;1194;
60.605-TOS-L;241;191;
60.605-TOS-XL;91;41;
61.1065-AZU-L;124;74;
61.1065-AZU-M;132;82;
61.1065-AZU-S;78;28;
61.1066-ROS-M;51;1;
61.1066-ROS-S;174;124;
61.1066-ROS-XL;87;37;
61.986-AQU-54;67;17;
63.1099-JEA-10;202;152;
63.1101-LIL-10;58;8;
63.1106-TUR-10;203;153;
64.1020-AZU-4;163;113;
64.1020-AZU-6;110;60;
65.1095-MOR-16;65;15;
65.1105-FUC-16;292;242;
66.1016-AZU-16;107;57;
67.1011-NEG-L;125;75;
67.1011-NEG-XL;129;79;
67.999-AZU-XXL;59;9;
69.458-AZU-14/16;204;154;
69.462-FUC-14/16;471;421;
69.463-AZU-14/16;276;226;
69.470-MOR-14/16;510;460;
69.471-AZU-14/16;312;262;
70.635-FUC-L;51;1;
70.651-AZU-L;516;466;
70.651-AZU-M;516;466;
70.651-AZU-S;167;117;
70.651-AZU-XL;284;234;
70.652-FUC-L;174;124;
70.652-FUC-M;172;122;
70.652-FUC-S;86;36;
70.652-FUC-XL;213;163;
70.653-GRI-L;238;188;
70.653-GRI-M;236;186;
70.653-GRI-S;143;93;
70.653-GRI-XL;284;234;
70.654-COR-L;379;329;
70.654-COR-M;379;329;
70.654-COR-S;171;121;
70.654-COR-XL;240;190;
70.654-COR-XXL;246;196;
70.655-GRI-L;198;148;
70.655-GRI-M;261;211;
70.655-GRI-S;92;42;
70.655-GRI-XL;190;140;
70.655-TUR-L;422;372;
70.655-TUR-M;429;379;
70.655-TUR-S;230;180;
70.655-TUR-XL;336;286;
70.657-FUC-L;235;185;
70.657-FUC-M;234;184;
70.657-FUC-S;119;69;
70.657-FUC-XL;235;185;
70.659-ESM-L;265;215;
70.659-ESM-M;260;210;
70.659-ESM-S;133;83;
70.659-ESM-XL;263;213;
70.661-AZU-L;445;395;
70.661-AZU-M;445;395;
70.661-AZU-XL;165;115;
70.662-FUC-L;456;406;
70.662-FUC-M;455;405;
70.662-FUC-S;237;187;
70.662-FUC-XL;358;308;
70.662-NEG-L;456;406;
70.662-NEG-M;455;405;
70.662-NEG-S;237;187;
70.662-NEG-XL;358;308;
70.663-COR-L;245;195;
70.663-COR-M;244;194;
70.663-COR-S;162;112;
70.663-COR-XL;283;233;
70.664-GRI-L;252;202;
70.664-GRI-M;249;199;
70.664-GRI-S;70;20;
70.664-GRI-XL;200;150;
70.664-TUR-L;252;202;
70.664-TUR-M;252;202;
70.664-TUR-S;57;7;
70.664-TUR-XL;215;165;
70.665-FUC-L;362;312;
70.665-FUC-M;382;332;
70.665-FUC-S;225;175;
70.665-FUC-XL;386;336;
70.666-CEL-L;234;184;
70.666-CEL-M;234;184;
70.666-CEL-S;125;75;
70.666-CEL-XL;248;198;
70.681-FUC-L;86;36;
70.681-FUC-M;86;36;
70.681-FUC-S;54;4;
70.681-FUC-XL;60;10;
70.686-AZU-L;244;194;
70.686-AZU-M;243;193;
70.686-AZU-S;115;65;
70.686-AZU-XL;117;67;
71.631-NEG-L;151;101;
71.631-NEG-M;220;170;
71.631-TUR-L;65;15;
71.634-ROJ-L;372;322;
71.634-ROJ-M;373;323;
71.645-CEL-52;131;81;
71.645-CEL-54;133;83;
71.645-CEL-56;61;11;
71.646-ROS-M;149;99;
71.647-TUR-L;631;581;
71.647-TUR-M;631;581;
71.647-TUR-XL;311;261;
71.648-GRI-L;529;479;
71.648-GRI-M;581;531;
71.648-GRI-S;372;322;
71.648-GRI-XL;447;397;
71.649-FUC-L;210;160;
71.649-FUC-M;233;183;
71.649-FUC-S;197;147;
71.649-FUC-XL;265;215;
71.649-MOR-L;257;207;
71.649-MOR-M;296;246;
71.649-MOR-S;197;147;
71.649-MOR-XL;263;213;
71.650-TUR-L;358;308;
71.650-TUR-M;385;335;
71.650-TUR-S;200;150;
71.650-TUR-XL;277;227;
71.680-FUC-L;54;4;
71.680-FUC-M;104;54;
71.680-FUC-S;89;39;
71.680-FUC-XL;129;79;
71.680-NEG-L;213;163;
71.680-NEG-M;213;163;
71.680-NEG-S;131;81;
71.680-NEG-XL;236;186;
71.680-TUR-M;84;34;
71.680-TUR-S;79;29;
71.680-TUR-XL;129;79;
71.681-FUC-L;154;104;
71.681-FUC-M;154;104;
71.681-FUC-S;84;34;
71.681-FUC-XL;184;134;
71.682-JEA-L;132;82;
71.682-JEA-M;128;78;
71.682-JEA-S;62;12;
71.682-JEA-XL;162;112;
71.683-MOR-L;70;20;
71.683-MOR-M;66;16;
72.02-AZU-L;240;190;
72.02-AZU-M;243;193;
72.02-AZU-S;128;78;
72.02-AZU-XL;244;194;
72.02-NEG-L;146;96;
72.02-NEG-M;246;196;
72.02-NEG-S;130;80;
72.02-NEG-XL;246;196;
72.03-GRI-L;685;635;
72.03-GRI-M;682;632;
72.03-GRI-S;360;310;
72.03-GRI-XL;505;455;
73.673-TUR-10;299;249;
73.673-TUR-4;285;235;
73.673-TUR-6;285;235;
73.673-TUR-8;299;249;
73.674-FUC-10;329;279;
73.674-FUC-4;301;251;
73.674-FUC-6;305;255;
73.674-FUC-8;329;279;
73.675-CAL-10;116;66;
73.675-CAL-4;127;77;
73.675-CAL-6;129;79;
73.675-CAL-8;116;66;
73.676-FUC-10;236;186;
73.676-FUC-4;213;163;
73.676-FUC-6;225;175;
73.676-FUC-8;229;179;
73.678-FUC-10;139;89;
73.678-FUC-4;98;48;
73.678-FUC-6;99;49;
73.678-FUC-8;135;85;
73.806-CAL-L;1156;1106;
73.806-CAL-M;1516;1466;
73.806-CAL-S;282;232;
73.806-CAL-XL;571;521;
73.806-FUC-L;1247;1197;
73.806-FUC-M;977;927;
73.806-FUC-S;239;189;
73.806-FUC-XL;492;442;
73.808-FUC-L;310;260;
73.810-AZU-L;712;662;
73.810-AZU-M;409;359;
73.810-AZU-S;176;126;
73.810-AZU-XL;90;40;
73.810-NEG-L;881;831;
73.810-NEG-M;423;373;
73.810-NEG-S;172;122;
73.810-NEG-XL;125;75;
73.812-NEG-L;1230;1180;
73.812-NEG-M;562;512;
73.812-NEG-S;331;281;
73.909-FUC-M;408;358;
74.564-ROJ-10;296;246;
74.564-ROJ-4;242;192;
74.564-ROJ-6;238;188;
74.564-ROJ-8;220;170;
74.565-VER-10;292;242;
74.565-VER-4;239;189;
74.565-VER-6;243;193;
74.565-VER-8;218;168;
75.625-LIL-14;56;6;
75.667-TUR-12;141;91;
75.667-TUR-14;147;97;
75.667-TUR-16;276;226;
75.668-FUC-12;187;137;
75.668-FUC-14;193;143;
75.668-FUC-16;237;187;
75.669-COR-12;90;40;
75.669-COR-14;90;40;
75.669-COR-16;204;154;
75.670-LIL-12;141;91;
75.670-LIL-14;141;91;
75.670-LIL-16;185;135;
75.671-MOR-12;165;115;
75.671-MOR-14;165;115;
75.671-MOR-16;300;250;
75.672-COR-12;132;82;
75.672-COR-14;132;82;
75.672-COR-16;267;217;
75.679-FUC-12;247;197;
75.679-FUC-14;244;194;
75.679-FUC-16;208;158;
76.559-GRI-12;167;117;
76.559-GRI-14;167;117;
76.559-GRI-16;296;246;
76.560-AZU-12;157;107;
76.560-AZU-14;169;119;
76.560-AZU-16;213;163;
76.561-ROJ-12;143;93;
76.561-ROJ-14;143;93;
76.561-ROJ-16;272;222;
76.562-CAL-12;143;93;
76.562-CAL-14;146;96;
76.562-CAL-16;193;143;
77.548-GRI-L;262;212;
77.548-GRI-M;283;233;
77.548-GRI-XL;179;129;
77.549-AZU-L;609;559;
77.549-AZU-M;610;560;
77.549-AZU-S;283;233;
77.549-AZU-XL;519;469;
77.550-AZU-L;705;655;
77.550-AZU-M;700;650;
77.550-AZU-S;206;156;
77.550-AZU-XL;514;464;
77.550-AZU-XXL;352;302;
77.551-GRI-L;450;400;
77.551-GRI-M;451;401;
77.551-GRI-S;233;183;
77.551-GRI-XL;390;340;
77.552-GRA-L;586;536;
77.552-GRA-M;587;537;
77.552-GRA-S;274;224;
77.552-GRA-XL;505;455;
77.553-AZU-L;803;753;
77.553-AZU-M;804;754;
77.553-AZU-S;245;195;
77.553-AZU-XL;581;531;
77.553-AZU-XXL;372;322;
77.554-JEA-L;248;198;
77.554-JEA-M;249;199;
77.554-JEA-S;145;95;
77.554-JEA-XL;350;300;
77.556-AZU-L;428;378;
77.556-AZU-M;429;379;
77.556-AZU-S;103;53;
77.556-AZU-XL;200;150;
77.556-AZU-XXL;245;195;
77.556-GRA-L;246;196;
77.556-GRA-M;247;197;
77.556-GRA-XL;78;28;
77.556-GRA-XXL;183;133;
77.557-NEG-L;297;247;
77.557-NEG-M;288;238;
77.557-NEG-S;153;103;
77.557-NEG-XL;244;194;
77.558-GRI-L;498;448;
77.558-GRI-M;499;449;
77.558-GRI-S;236;186;
77.558-GRI-XL;436;386;
78.456-FUC-L;172;122;
78.456-FUC-M;157;107;
78.456-FUC-S;63;13;
78.456-MOR-L;257;207;
78.456-MOR-M;146;96;
78.822-ROS-XL;51;1;
78.826-TUR-L;106;56;
78.827-MOR-M;132;82;
78.840-FUC-L;326;276;
78.840-FUC-M;131;81;
78.840-FUC-XL;98;48;
78.840-MOR-L;219;169;
78.840-MOR-M;116;66;
78.841-FUC-L;216;166;
78.841-FUC-M;53;3;
78.841-MOR-L;173;123;
78.841-MOR-M;80;30;
79.459-AZU-L;251;201;
79.459-AZU-M;69;19;
79.459-AZU-XL;301;251;
90.01-AZU-M;144;94;
90.01-AZU-S;1331;1281;
90.01-BCO-M;4702;4652;
90.01-BCO-S;600;550;
90.01-BUR-M;122;72;
90.01-BUR-S;726;676;
90.01-GRI-L;189;139;
90.01-GRI-M;1251;1201;
90.01-GRI-S;779;729;
90.01-MAR-S;729;679;
90.01-NEG-M;5186;5136;
90.01-NEG-S;1001;951;
90.07-AZU-S;1265;1215;
90.07-BCO-M;99;49;
90.07-BCO-S;954;904;
90.07-BCO-XL;108;58;
90.07-NEG-L;518;468;
90.07-NEG-M;193;143;
90.07-NEG-S;893;843;
90.07-NEG-XL;593;543;
90.10-AZU-L;1494;1444;
90.10-AZU-M;1500;1450;
90.10-AZU-S;501;451;
90.10-AZU-XL;998;948;
90.10-AZU-XXL;999;949;
90.10-MAR-L;2001;1951;
90.10-MAR-M;1986;1936;
90.10-MAR-S;750;700;
90.10-MAR-XL;1200;1150;
90.10-MAR-XXL;999;949;
90.10-NEG-L;1599;1549;
90.10-NEG-M;1602;1552;
90.10-NEG-S;600;550;
90.10-NEG-XL;999;949;
90.10-NEG-XXL;999;949;
91.01-AZU-M;662;612;
91.01-AZU-S;3945;3895;
91.01-BCO-M;179;129;
91.01-BCO-S;894;844;
91.01-CAL-L;2952;2902;
91.01-CAL-M;4584;4534;
91.01-CAL-S;1668;1618;
91.01-GRI-L;1770;1720;
91.01-GRI-M;1908;1858;
91.01-GRI-S;944;894;
91.01-GRI-XL;197;147;
91.01-MAR-L;1023;973;
91.01-MAR-M;196;146;
91.01-MAR-S;690;640;
91.01-NEG-S;429;379;
91.03-AZU-L;702;652;
91.03-AZU-M;700;650;
91.03-AZU-S;242;192;
91.03-AZU-XL;529;479;
91.03-BUR-L;702;652;
91.03-BUR-M;688;638;
91.03-BUR-S;242;192;
91.03-BUR-XL;535;485;
91.04-GRI-L;703;653;
91.04-GRI-M;691;641;
91.04-GRI-S;241;191;
91.04-GRI-XL;535;485;
91.07-BUR-L;1287;1237;
91.07-BUR-M;2305;2255;
91.07-BUR-S;953;903;
91.07-BUR-XL;674;624;
91.07-MAR-L;3791;3741;
91.07-MAR-M;4866;4816;
91.07-MAR-S;2051;2001;
91.07-MAR-XL;2035;1985;
91.07-PET-L;401;351;
91.07-PET-M;1521;1471;
91.07-PET-S;673;623;
91.08-BCO-M;128;78;
91.08-BCO-S;127;77;
91.08-GRI-S;85;35;
91.08-NEG-S;228;178;
91.09-CAL-L;316;266;
91.09-CAL-M;2353;2303;
91.09-CAL-S;810;760;
91.09-NEG-L;700;650;
91.09-NEG-M;1834;1784;
91.09-NEG-S;875;825;
91.09-ROJ-S;248;198;
91.10-AZU-L;1587;1537;
91.10-AZU-M;1458;1408;
91.10-AZU-S;501;451;
91.10-AZU-XL;693;643;
91.10-AZU-XXL;501;451;
91.10-BLA-L;1500;1450;
91.10-BLA-M;1443;1393;
91.10-BLA-S;597;547;
91.10-BLA-XL;987;937;
91.10-BLA-XXL;501;451;
91.10-BUR-L;2100;2050;
91.10-BUR-M;2000;1950;
91.10-BUR-S;801;751;
91.10-BUR-XL;960;910;
91.10-BUR-XXL;498;448;
91.10-GRI-L;1599;1549;
91.10-GRI-M;1547;1497;
91.10-GRI-S;594;544;
91.10-GRI-XL;999;949;
91.10-GRI-XXL;492;442;
91.10-PET-L;2207;2157;
91.10-PET-M;2175;2125;
91.10-PET-S;795;745;
91.10-PET-XL;1500;1450;
91.10-PET-XXL;489;439;
91.11-AZU-L;498;448;
91.11-AZU-M;541;491;
91.11-AZU-S;166;116;
91.11-AZU-XL;169;119;
91.11-CAL-L;300;250;
91.11-CAL-M;433;383;
91.11-CAL-S;58;8;
91.11-CAL-XL;272;222;
91.11-MOR-L;333;283;
91.11-MOR-M;457;407;
91.11-MOR-S;73;23;
91.11-MOR-XL;375;325;
91.11-NEG-L;486;436;
91.11-NEG-M;470;420;
91.11-NEG-S;161;111;
91.11-NEG-XL;121;71;
91.11-ROJ-L;600;550;
91.11-ROJ-M;577;527;
91.11-ROJ-S;154;104;
91.11-ROJ-XL;305;255;
91.11-TUR-L;652;602;
91.11-TUR-M;631;581;
91.11-TUR-S;187;137;
91.11-TUR-XL;264;214;
91.403-BUR-M;1279;1229;
91.403-BUR-S;108;58;
91.403-BUR-XL;703;653;
91.403-BUR-XXL;702;652;
91.403-GRI-L;51;1;
91.403-GRI-M;1173;1123;
91.403-GRI-S;80;30;
91.403-GRI-XL;681;631;
91.403-GRI-XXL;657;607;
91.403-NEG-L;633;583;
91.403-NEG-M;2082;2032;
91.403-NEG-S;604;554;
91.403-NEG-XL;709;659;
91.403-NEG-XXL;699;649;
91.405-AZU-S;616;566;
91.405-BUR-S;1038;988;
91.405-MOR-S;290;240;
91.405-NEG-S;969;919;
91.406-AZU-L;1180;1130;
91.406-AZU-M;1664;1614;
91.406-AZU-S;700;650;
91.406-AZU-XL;721;671;
91.406-MAR-L;664;614;
91.406-MAR-M;999;949;
91.406-MAR-S;369;319;
91.406-MAR-XL;1210;1160;
91.406-NEG-L;1576;1526;
91.406-NEG-M;3397;3347;
91.406-NEG-S;1534;1484;
91.406-NEG-XL;1215;1165;
91.406-VER-L;1136;1086;
91.406-VER-M;704;654;
91.406-VER-S;342;292;
91.406-VER-XL;674;624;
91.407-AZU-L;533;483;
91.407-AZU-M;578;528;
91.407-AZU-S;158;108;
91.407-AZU-XL;409;359;
91.407-NAR-L;518;468;
91.407-NAR-M;541;491;
91.407-NAR-S;158;108;
91.407-NAR-XL;436;386;
92.01-AZU-L;587;537;
92.01-AZU-M;577;527;
92.01-AZU-S;114;64;
92.01-AZU-XL;378;328;
92.01-GRI-L;639;589;
92.01-GRI-M;642;592;
92.01-GRI-S;128;78;
92.01-GRI-XL;399;349;
92.01-NEG-L;529;479;
92.01-NEG-M;543;493;
92.01-NEG-S;87;37;
92.01-NEG-XL;340;290;
92.01-ROJ-L;622;572;
92.01-ROJ-M;582;532;
92.01-ROJ-S;126;76;
92.01-ROJ-XL;388;338;
93.02-SUR-L;4624;4574;
93.02-SUR-M;3575;3525;
93.02-SUR-S;2110;2060;
93.02-SUR-XL;2149;2099;
93.05-CAL-L;1241;1191;
93.05-CAL-M;466;416;
93.05-CAL-S;451;401;
93.05-CAL-XL;795;745;
93.05-NAR-S;290;240;
93.05-NEG-L;58;8;
93.05-NEG-S;218;168;
93.05-PET-L;1612;1562;
93.05-PET-M;1693;1643;
93.05-PET-S;647;597;
93.05-PET-XL;1210;1160;
93.05-ROJ-L;1057;1007;
93.05-ROJ-M;462;412;
93.05-ROJ-S;841;791;
93.05-ROJ-XL;703;653;
93.06-BCO-L;900;850;
93.06-BCO-M;1670;1620;
93.06-BCO-S;221;171;
93.06-GRI-L;1295;1245;
93.06-GRI-M;2432;2382;
93.06-GRI-S;680;630;
93.07-AZL-L;526;476;
93.07-AZL-M;511;461;
93.07-AZL-S;148;98;
93.07-AZL-XL;478;428;
93.07-GRI-L;535;485;
93.07-GRI-M;504;454;
93.07-GRI-S;154;104;
93.07-GRI-XL;469;419;
93.07-SAN-L;502;452;
93.07-SAN-M;505;455;
93.07-SAN-S;127;77;
93.07-SAN-XL;463;413;
93.08-AZU-L;3281;3231;
93.08-AZU-M;3464;3414;
93.08-AZU-S;1136;1086;
93.08-AZU-XL;1942;1892;
93.08-BCO-L;2092;2042;
93.08-BCO-XL;1835;1785;
93.08-GRI-L;1228;1178;
93.08-GRI-M;1228;1178;
93.08-GRI-S;1080;1030;
93.08-GRI-XL;217;167;
93.08-NEG-L;2402;2352;
93.08-NEG-M;2834;2784;
93.08-NEG-S;1294;1244;
93.08-NEG-XL;1150;1100;
93.100-MOR-XL;63;13;
93.106-BLA-L;1249;1199;
93.106-BLA-M;1044;994;
93.106-BLA-XL;269;219;
93.106-GRI-M;557;507;
93.106-GRI-S;590;540;
93.106-NEG-L;727;677;
93.106-NEG-M;1301;1251;
93.106-NEG-S;613;563;
93.108-BUR-L;1352;1302;
93.108-BUR-M;1292;1242;
93.108-BUR-S;115;65;
93.108-BUR-XL;820;770;
93.109-PET-L;1391;1341;
93.109-PET-M;1386;1336;
93.109-PET-S;215;165;
93.109-PET-XL;850;800;
93.110-NEG-L;1615;1565;
93.110-NEG-M;1602;1552;
93.110-NEG-S;320;270;
93.110-NEG-XL;952;902;
93.111-AZU-L;1450;1400;
93.111-AZU-M;1438;1388;
93.111-AZU-S;292;242;
93.111-AZU-XL;886;836;
93.112-MOR-L;1438;1388;
93.112-MOR-M;1438;1388;
93.112-MOR-S;290;240;
93.112-MOR-XL;791;741;
93.113-AZU-L;1884;1834;
93.113-AZU-M;1915;1865;
93.113-AZU-S;634;584;
93.113-AZU-XL;1213;1163;
93.114-AZU-L;1444;1394;
93.114-AZU-M;1428;1378;
93.114-AZU-S;292;242;
93.114-AZU-XL;892;842;
93.115-NEG-L;1435;1385;
93.115-NEG-M;1422;1372;
93.115-NEG-S;292;242;
93.115-NEG-XL;880;830;
93.116-NEG-L;2093;2043;
93.116-NEG-M;2085;2035;
93.116-NEG-S;761;711;
93.116-NEG-XL;1355;1305;
93.117-BUR-L;1441;1391;
93.117-BUR-M;1449;1399;
93.117-BUR-S;295;245;
93.117-BUR-XL;877;827;
93.118-AZU-L;1429;1379;
93.118-AZU-M;1428;1378;
93.118-AZU-S;289;239;
93.118-AZU-XL;880;830;
93.119-BLA-L;1441;1391;
93.119-BLA-M;1429;1379;
93.119-BLA-S;289;239;
93.119-BLA-XL;892;842;
93.120-MOR-L;1101;1051;
93.120-MOR-M;1101;1051;
93.120-MOR-S;501;451;
93.120-MOR-XL;900;850;
93.120-NAR-L;1101;1051;
93.120-NAR-M;1101;1051;
93.120-NAR-S;501;451;
93.120-NAR-XL;900;850;
93.120-ROJ-L;1101;1051;
93.120-ROJ-M;1101;1051;
93.120-ROJ-S;501;451;
93.120-ROJ-XL;900;850;
93.121-CAL-L;1101;1051;
93.121-CAL-M;1101;1051;
93.121-CAL-S;501;451;
93.121-CAL-XL;900;850;
93.121-NEG-L;1101;1051;
93.121-NEG-M;1101;1051;
93.121-NEG-S;501;451;
93.121-NEG-XL;900;850;
93.121-VER-L;1101;1051;
93.121-VER-M;1101;1051;
93.121-VER-S;501;451;
93.121-VER-XL;900;850;
93.143-AZU-L;544;494;
93.143-AZU-M;531;481;
93.143-AZU-S;320;270;
93.143-AZU-XL;358;308;
93.143-BLA-L;598;548;
93.143-BLA-M;583;533;
93.143-BLA-S;312;262;
93.143-BLA-XL;379;329;
93.143-GRI-L;610;560;
93.143-GRI-M;577;527;
93.143-GRI-S;383;333;
93.143-GRI-XL;408;358;
93.143-NEG-L;510;460;
93.143-NEG-M;526;476;
93.143-NEG-S;313;263;
93.143-NEG-XL;364;314;
93.144-AZU-L;707;657;
93.144-AZU-M;706;656;
93.144-AZU-S;373;323;
93.144-AZU-XL;527;477;
93.144-CAL-L;673;623;
93.144-CAL-M;658;608;
93.144-CAL-S;447;397;
93.144-CAL-XL;648;598;
93.144-NAV-L;727;677;
93.144-NAV-M;739;689;
93.144-NAV-S;431;381;
93.144-NAV-XL;652;602;
93.144-NEG-L;771;721;
93.144-NEG-M;759;709;
93.144-NEG-S;485;435;
93.144-NEG-XL;651;601;
93.144-ROJ-L;714;664;
93.144-ROJ-M;716;666;
93.144-ROJ-S;402;352;
93.144-ROJ-XL;618;568;
93.144-TUR-L;746;696;
93.144-TUR-M;720;670;
93.144-TUR-S;443;393;
93.144-TUR-XL;632;582;
93.16-CAL-L;2599;2549;
93.16-CAL-M;2661;2611;
93.16-CAL-S;584;534;
93.16-GRI-L;6988;6938;
93.16-GRI-M;6467;6417;
93.16-GRI-S;1666;1616;
93.16-GRI-XL;1665;1615;
93.16-NAR-L;699;649;
93.16-NAR-M;1029;979;
93.16-NAR-XL;53;3;
93.16-NEG-L;530;480;
93.16-NEG-M;1089;1039;
93.16-NEG-S;287;237;
93.16-PET-L;2990;2940;
93.16-PET-M;3636;3586;
93.16-PET-S;1086;1036;
93.16-PET-XL;1160;1110;
93.16-ROJ-M;229;179;
93.16-VER-L;1008;958;
93.16-VER-M;1405;1355;
93.16-VER-S;428;378;
93.200-AZU-XL;64;14;
93.200-PET-XL;101;51;
93.201-MOR-L;55;5;
93.201-MOR-XL;121;71;
93.201-NEG-L;79;29;
93.201-NEG-XL;137;87;
93.201-ROJ-L;415;365;
93.201-ROJ-M;74;24;
93.201-ROJ-XL;125;75;
93.201-TUR-XL;52;2;
93.26-CAL-L;58;8;
93.26-VER-L;147;97;
93.26-VER-M;167;117;
93.33-SUR-L;2443;2393;
93.33-SUR-M;1674;1624;
93.33-SUR-S;597;547;
93.33-SUR-XL;204;154;
93.34-CAL-L;525;475;
93.34-CAL-M;510;460;
93.34-CAL-S;153;103;
93.34-CAL-XL;354;304;
93.34-MOR-L;534;484;
93.34-MOR-M;534;484;
93.34-MOR-S;171;121;
93.34-MOR-XL;363;313;
93.34-NAR-L;528;478;
93.34-NAR-M;531;481;
93.34-NAR-S;171;121;
93.34-NAR-XL;369;319;
93.34-NEG-L;555;505;
93.34-NEG-M;555;505;
93.34-NEG-S;174;124;
93.34-NEG-XL;372;322;
93.36-AZU-L;510;460;
93.36-AZU-M;540;490;
93.36-AZU-S;165;115;
93.36-AZU-XL;378;328;
93.36-NEG-L;552;502;
93.36-NEG-M;546;496;
93.36-NEG-S;186;136;
93.36-NEG-XL;366;316;
93.36-PET-L;489;439;
93.36-PET-M;516;466;
93.36-PET-S;141;91;
93.36-PET-XL;399;349;
93.36-ROJ-L;534;484;
93.36-ROJ-M;534;484;
93.36-ROJ-XL;372;322;
93.406-GRI-L;1653;1603;
93.406-GRI-M;1539;1489;
93.406-GRI-S;872;822;
93.406-GRI-XL;1341;1291;
93.406-MOR-L;1537;1487;
93.406-MOR-M;1519;1469;
93.406-MOR-S;853;803;
93.406-MOR-XL;1213;1163;
93.406-NAR-L;1367;1317;
93.406-NAR-M;1275;1225;
93.406-NAR-S;702;652;
93.406-NAR-XL;1109;1059;
93.406-NEG-L;1405;1355;
93.406-NEG-M;1339;1289;
93.406-NEG-S;729;679;
93.406-NEG-XL;1107;1057;
93.406-ROJ-L;1516;1466;
93.406-ROJ-M;1472;1422;
93.406-ROJ-S;847;797;
93.406-ROJ-XL;1170;1120;
93.406-VER-L;1560;1510;
93.406-VER-M;1344;1294;
93.406-VER-S;745;695;
93.406-VER-XL;1200;1150;
93.57-GRI-XL;88;38;
93.94-JEA-L;115;65;
93.94-JEA-M;90;40;
93.95-PET-L;126;76;
93.95-PET-M;106;56;
93.98-AZU-L;454;404;
93.98-AZU-M;226;176;
93.98-AZU-XL;173;123;
93.98-NEG-L;158;108;
93.99-MOR-L;606;556;
93.99-MOR-M;248;198;
93.99-MOR-XL;264;214;
93.99-NEG-L;385;335;
93.99-NEG-M;133;83;
93.99-NEG-XL;144;94;
94.05-CAL-14;682;632;
94.05-CAL-16;186;136;
94.05-NAR-12;197;147;
94.05-NAR-14;1119;1069;
94.05-NAR-16;621;571;
94.05-NEG-12;56;6;
94.05-NEG-14;761;711;
94.05-NEG-16;190;140;
94.05-VER-14;830;780;
94.05-VER-16;326;276;
94.56-NAR-12;490;440;
94.56-NAR-14;496;446;
94.56-NAR-16;799;749;
94.56-VER-12;490;440;
94.56-VER-14;496;446;
94.56-VER-16;799;749;
94.57-NAR-14;988;938;
94.57-NAR-16;216;166;
94.57-VER-14;849;799;
94.57-VER-16;125;75;
94.58-FUC-12;490;440;
94.58-FUC-14;490;440;
94.58-FUC-16;808;758;
94.58-MOR-12;490;440;
94.58-MOR-14;490;440;
94.58-MOR-16;799;749;
95.040-AZU-14;128;78;
95.040-AZU-16;1695;1645;
95.040-CAL-14;258;208;
95.040-CAL-16;869;819;
95.040-NEG-14;606;556;
95.040-NEG-16;884;834;
95.040-VER-14;650;600;
95.040-VER-16;1050;1000;
97.04-AZU-10;1568;1518;
97.04-AZU-4;1573;1523;
97.04-AZU-6;1916;1866;
97.04-AZU-8;1775;1725;
97.04-BLA-10;1070;1020;
97.04-BLA-4;1016;966;
97.04-BLA-6;1261;1211;
97.04-BLA-8;1283;1233;
97.04-CAL-10;1779;1729;
97.04-CAL-4;1416;1366;
97.04-CAL-6;1865;1815;
97.04-CAL-8;2041;1991;
97.04-VER-10;1534;1484;
97.04-VER-4;1164;1114;
97.04-VER-6;1513;1463;
97.04-VER-8;1687;1637;
97.05-AZU-10;2199;2149;
97.05-AZU-4;1369;1319;
97.05-AZU-6;1406;1356;
97.05-AZU-8;2509;2459;
97.05-VER-10;1121;1071;
97.05-VER-4;390;340;
97.05-VER-6;691;641;
97.05-VER-8;1326;1276;
97.06-AZU-10;786;736;
97.06-AZU-6;198;148;
97.06-AZU-8;963;913;
97.06-ROJ-10;881;831;
97.06-ROJ-4;264;214;
97.06-ROJ-6;339;289;
97.06-ROJ-8;1073;1023;
97.47-BLA-10;232;182;
97.47-BLA-4;258;208;
97.47-BLA-6;211;161;
97.47-BLA-8;181;131;
97.47-CAL-10;364;314;
97.47-CAL-4;205;155;
97.47-CAL-6;256;206;
97.47-CAL-8;256;206;
97.47-NEG-10;352;302;
97.47-NEG-4;256;206;
97.47-NEG-6;256;206;
97.47-NEG-8;256;206;
97.47-ROJ-10;364;314;
97.47-ROJ-4;256;206;
97.47-ROJ-6;256;206;
97.47-ROJ-8;259;209;
97.47-TUR-10;358;308;
97.47-TUR-4;256;206;
97.47-TUR-6;256;206;
97.47-TUR-8;208;158;
99.000-SUR-UNI;1803;1753;
99.001-NEG-UNI;2865;2815;
99.001-SUR;2312;2262;
99.H13-SUR-UNI;3806;3756;
99.H19-GRI-UNI;423;373;
99.H22-AZU-UNI;705;655;
99.H22-GRI-UNI;776;726;
99.H22-NEG-UNI;2101;2051;
99.H23-NEG-UNI;3386;3336;
99.HP3-GRA-UNI;1283;1233;
99.HP302-GRI-39/42;3859;3809;
99.HP302-GRI-43/46;1740;1690;
99.HP303-NEG-39/42;3741;3691;
99.HP303-NEG-43/46;1740;1690;
99.HP304-BLA-39/42;1342;1292;
99.HP304-BLA-43/46;918;868;
99.HP305-NEG-39/42;1342;1292;
99.HP305-NEG-43/46;918;868;
99.HP307-NEG-UNI;2421;2371;
99.M16-FUC-UNI;489;439;
99HP302-SUR-39/42;3994;3944;
99HP302-SUR-43/46;1994;1944;
99HP305-SUR-39/42;2042;1992;
99HP305-SUR-43/46;1218;1168;
99HP315-GRI-UNI;2448;2398;
99HP316-NEG-UNI;2442;2392;
99HP317-AZU-UNI;2442;2392;
99MP3-BFC-UNI;1152;1102;
99MP3-BNR-UNI;1139;1089;
99MP329-FUC-UNI;1357;1307;
99MP330-VER-UNI;1359;1309;
99MP331-MOR-UNI;1359;1309;
99MP332-NEG-UNI;1821;1771;
99MP333-ROS-UNI;1841;1791;
99MP334-TUR-UNI;881;831;
99MP335-FUC-UNI;1841;1791;
99MP336-GRI-UNI;1842;1792;
99MP337-NEG-UNI;882;832;
99MP338-FUC-UNI;1841;1791;
99MP339-MOR-UNI;1361;1311;
99NP202-NEG-UNI;60;10;
99NP207-MOR-35/37;259;209;
99NP210-VER-30/34;279;229;
99NP310-NEG-35/36;879;829;
99NP311-FUC-35/36;879;829;
99NP312-GRI-30/34;882;832;
99NP313-VER-30/34;882;832;
99NP314-NEG-35/36;882;832;
99NP315-GRA-35/36;881;831;
99NP316-AZU-30/34;888;838;
99NP317-JEA-30/34;888;838;
AC.01-SUR;6069;6019;
AC.02-SUR;2781;2731;
AC.05-PIE-UNI;2334;2284;
AC.06-BEI;3193;3143;
AC.06-BLA;3434;3384;
AC.06-NEG;4063;4013;
AC.07-BEI-UNI;7086;7036;
AC.07-BLA-UNI;1716;1666;
AC.10-PIE-UNI;4319;4269;
AC.11-UNI;4355;4305;
AC.12-UNI;1429;1379;
AC.13-UNI;2441;2391;
AC.14-UNI;2548;2498;
AC.20-SUR1-UNI;3120;3070;
AC.20-SUR2-UNI;3216;3166;
AC.20-SUR3-UNI;3120;3070;
AC.20-SUR4-UNI;3168;3118;
AC.20-SUR5-UNI;3216;3166;
AC.20-SUR6-UNI;3360;3310;
AC.20-SUR7-UNI;3264;3214;
CATA-1718;7560;7510;
CREM-PAR-UNI;428;378;
CREM-RED-UNI;439;389;
CREM-RIC-UNI;434;384;
FRAG-RED-UNI;111;61;
KH07-KAYSER;3791;3741;
P2101.06-COG-UNI;2376;2326;
P2101.06-GRA-UNI;1638;1588;
P2101.06-NAT-UNI;1816;1766;
P2101.06-NEG-UNI;2473;2423;
P217.400-BLA-10;1472;1422;
P217.400-BLA-8;819;769;
P217400-LIL-10;1432;1382;
P217400-LIL-4;60;10;
P217400-LIL-6;234;184;
P217400-LIL-8;912;862;
P217400-ROS-10;1667;1617;
P217400-ROS-6;210;160;
P217400-ROS-8;1191;1141;
P217402-MOR-10;1000;950;
P217402-MOR-6;121;71;
P217402-MOR-8;345;295;
P217402-ROS-10;500;450;
P217402-ROS-8;144;94;
P21801-SUR-L;797;747;
P21801-SUR-M;770;720;
P21801-SUR-XL;515;465;
P250019-018-NEGD-42;860;810;
P314014-NEG-M;80;30;
S13.02-AZU-L;2256;2206;
S13.02-AZU-M;2202;2152;
S13.02-AZU-S;344;294;
S13.02-MOR-L;3235;3185;
S13.02-MOR-M;3209;3159;
S13.02-MOR-S;453;403;
S13.02-NEG-L;3130;3080;
S13.02-NEG-M;2879;2829;
S13.02-NEG-S;292;242;
S13.02-ROJ-L;3208;3158;
S13.02-ROJ-M;3020;2970;
S13.02-ROJ-S;435;385;
S13.02-ROS-L;2422;2372;
S13.02-ROS-M;2531;2481;
S13.02-ROS-S;222;172;
S16.02-AZU-12;591;541;
S16.02-AZU-14;2944;2894;
S16.02-AZU-16;2763;2713;
S16.02-FUC-14;606;556;
S16.02-FUC-16;636;586;
S16.02-MOR-14;1862;1812;
S16.02-MOR-16;1824;1774;
S16.02-NEG-12;322;272;
S16.02-NEG-14;2797;2747;
S16.02-NEG-16;2871;2821;
S16.02-ROJ-12;344;294;
S16.02-ROJ-14;2849;2799;
S16.02-ROJ-16;2987;2937;
S16.02-ROS-12;199;149;
S16.02-ROS-14;1817;1767;
S16.02-ROS-16;1713;1663;
S17.02-AMA-10;1068;1018;
S17.02-AMA-8;315;265;
S17.02-AZU-10;2938;2888;
S17.02-AZU-4;1686;1636;
S17.02-AZU-6;1764;1714;
S17.02-AZU-8;1511;1461;
S17.02-CAL-10;2913;2863;
S17.02-CAL-4;1691;1641;
S17.02-CAL-6;1768;1718;
S17.02-CAL-8;1960;1910;
S17.02-LIL-10;2566;2516;
S17.02-LIL-4;1081;1031;
S17.02-LIL-6;1308;1258;
S17.02-LIL-8;1547;1497;
S17.02-ROS-10;2653;2603;
S17.02-ROS-4;1725;1675;
S17.02-ROS-6;1902;1852;
S17.02-ROS-8;1676;1626;
S17.02-TUR-10;1242;1192;
S17.02-TUR-8;544;494;
S17.02-VER-10;2760;2710;
S17.02-VER-4;1446;1396;
S17.02-VER-6;1656;1606;
S17.02-VER-8;1436;1386;
S6429-VER-10;308;258;
S6429-VER-4;365;315;
S6429-VER-6;267;217;
S6429-VER-8;161;111;
S6430-AMA-10;571;521;
S6430-AMA-4;497;447;
S6430-AMA-6;440;390;
S6430-AMA-8;406;356;
S6431-ROJ-4;71;21;
S6432-AZU-4;107;57;
S7433-AMA-10;479;429;
S7433-AMA-4;261;211;
S7433-AMA-6;311;261;
S7433-AMA-8;319;269;
S7433-ROJ-10;477;427;
S7433-ROJ-4;258;208;
S7433-ROJ-6;312;262;
S7433-ROJ-8;313;263;
S7434-AZU-10;472;422;
S7434-AZU-4;253;203;
S7434-AZU-6;304;254;
S7434-AZU-8;304;254;
S7434-NAR-10;470;420;
S7434-NAR-4;255;205;
S7434-NAR-6;308;258;
S7434-NAR-8;306;256;
S7633-AMA-12;547;497;
S7633-AMA-14;554;504;
S7633-AMA-16;663;613;
S7633-NAR-12;539;489;
S7633-NAR-14;547;497;
S7633-NAR-16;659;609;
S7634-CAL-12;547;497;
S7634-CAL-14;548;498;
S7634-CAL-16;658;608;
S7634-VER-12;543;493;
S7634-VER-14;541;491;
S7634-VER-16;646;596;
S7733W-AZU-XL;86;36;
S7734-NAR-L;410;360;
S7734-NAR-M;540;490;
S7734-NAR-S;363;313;
S7734-NAR-XL;315;265;
S7734-ROJ-L;413;363;
S7734-ROJ-M;525;475;
S7734-ROJ-S;380;330;
S7734-ROJ-XL;315;265;
S7735-AMA-L;398;348;
S7735-AMA-M;529;479;
S7735-AMA-S;372;322;
S7735-AMA-XL;305;255;
S7735-AZU-L;408;358;
S7735-AZU-M;528;478;
S7735-AZU-S;382;332;
S7735-AZU-XL;313;263;
S9321-GRI-XL;91;41;
S9321-ROJ-L;165;115;
S9321-ROJ-XL;229;179;
S9322-AZU-XL;78;28;
S9322-VER-L;144;94;
S9322-VER-M;62;12;
S9322-VER-XL;124;74;
S9323W-CAL-L;94;44;
S9324-AMA-L;729;679;
S9324-AMA-M;670;620;
S9324-AMA-S;169;119;
S9324-AMA-XL;379;329;
S9324-GRI-L;666;616;
S9324-GRI-M;593;543;
S9324-GRI-S;129;79;
S9324-GRI-XL;209;159;
S9325-AZU-L;946;896;
S9325-AZU-M;1243;1193;
S9325-AZU-S;475;425;
S9325-AZU-XL;679;629;
S9325-NAR-L;910;860;
S9325-NAR-M;1165;1115;
S9325-NAR-S;472;422;
S9325-NAR-XL;667;617;
S9326-AMA-L;1255;1205;
S9326-AMA-M;1582;1532;
S9326-AMA-S;679;629;
S9326-AMA-XL;898;848;
S9326-GRI-L;1039;989;
S9326-GRI-M;1369;1319;
S9326-GRI-S;562;512;
S9326-GRI-XL;742;692;
S9326-NEG-L;1285;1235;
S9326-NEG-M;1585;1535;
S9326-NEG-S;787;737;
S9326-NEG-XL;961;911;
S9326-ROJ-L;1213;1163;
S9326-ROJ-M;1543;1493;
S9326-ROJ-S;664;614;
S9326-ROJ-XL;904;854;
S9422-AMA-12;60;10;
S9422-AMA-16;220;170;
S9422-AZU-12;141;91;
S9422-AZU-14;142;92;
S9422-AZU-16;194;144;
S9423-AZU-12;291;241;
S9423-AZU-14;294;244;
S9423-AZU-16;655;605;
S9423-ROJ-12;249;199;
S9423-ROJ-14;249;199;
S9423-ROJ-16;525;475;
S9423-VER-12;267;217;
S9423-VER-14;282;232;
S9423-VER-16;1044;994;
S9424-CAL-12;649;599;
S9424-CAL-14;649;599;
S9424-CAL-16;727;677;
S9424-VER-12;489;439;
S9424-VER-14;489;439;
S9424-VER-16;547;497;
S9425-AZU-12;823;773;
S9425-AZU-14;823;773;
S9425-AZU-16;923;873;
S9425-BLA-12;823;773;
S9425-BLA-14;823;773;
S9425-BLA-16;923;873;
S9425-NEG-12;823;773;
S9425-NEG-14;823;773;
S9425-NEG-16;923;873;
S95-03-CAL-12;1004;954;
S95-03-CAL-14;3628;3578;
S95-03-CAL-16;4401;4351;
S95-03-NEG-12;772;722;
S95-03-NEG-14;3602;3552;
S95-03-NEG-16;4407;4357;
S95-03-VER-12;668;618;
S95-03-VER-14;3549;3499;
S95-03-VER-16;4652;4602;
S97.07-CAL-10;1904;1854;
S97.07-CAL-4;555;505;
S97.07-CAL-6;399;349;
S97.07-CAL-8;2118;2068;
S97.07-NAR-10;1831;1781;
S97.07-NAR-4;447;397;
S97.07-NAR-6;484;434;
S97.07-NAR-8;1887;1837;
S97.07-ROJ-10;1932;1882;
S97.07-ROJ-4;481;431;
S97.07-ROJ-6;508;458;
S97.07-ROJ-8;2163;2113;
S97.07-VER-10;1982;1932;
S97.07-VER-4;476;426;
S97.07-VER-6;419;369;
S97.07-VER-8;2083;2033;
S97.08-AZU-10;1563;1513;
S97.08-AZU-4;2240;2190;
S97.08-AZU-6;2724;2674;
S97.08-AZU-8;1300;1250;
S97.08-ROJ-10;1962;1912;
S97.08-ROJ-4;1627;1577;
S97.08-ROJ-6;2358;2308;
S97.08-ROJ-8;2147;2097;
S9703-AMA-10;2679;2629;
S9703-AMA-4;5151;5101;
S9703-AMA-6;6036;5986;
S9703-AMA-8;2629;2579;
S9703-AZU-10;1091;1041;
S9703-AZU-4;2862;2812;
S9703-AZU-6;3296;3246;
S9703-AZU-8;1047;997;
S9703-CAL-10;2713;2663;
S9703-CAL-4;5022;4972;
S9703-CAL-6;5449;5399;
S9703-CAL-8;3033;2983;
S9703-NAR-10;1615;1565;
S9703-NAR-4;3080;3030;
S9703-NAR-6;4111;4061;
S9703-NAR-8;1574;1524;
S9703-ROJ-10;2501;2451;
S9703-ROJ-4;4256;4206;
S9703-ROJ-6;4987;4937;
S9703-ROJ-8;2484;2434;
S9703-VER-10;2539;2489;
S9703-VER-4;4687;4637;
S9703-VER-6;5478;5428;
S9703-VER-8;2795;2745;
S9709-AMA-10;1575;1525;
S9709-AMA-4;385;335;
S9709-AMA-6;417;367;
S9709-AMA-8;1709;1659;
S9709-AMA2-10;1672;1622;
S9709-AMA2-4;1297;1247;
S9709-AMA2-6;1297;1247;
S9709-AMA2-8;1747;1697;
S9709-AZU-10;1512;1462;
S9709-AZU-4;815;765;
S9709-AZU-6;510;460;
S9709-AZU-8;2077;2027;
S9709-CAL2-10;1522;1472;
S9709-CAL2-4;1165;1115;
S9709-CAL2-6;1195;1145;
S9709-CAL2-8;1408;1358;
S9709-CEL-10;1522;1472;
S9709-CEL-4;1180;1130;
S9709-CEL-6;1195;1145;
S9709-CEL-8;1405;1355;
S9709-NEG-10;67;17;
S9709-NEG-4;1531;1481;
S9709-NEG-6;1378;1328;
S9709-NEG-8;403;353;
S9709-ROJ-10;3178;3128;
S9709-ROJ-4;2999;2949;
S9709-ROJ-6;3239;3189;
S9709-ROJ-8;3536;3486;
S9709-VER-10;1128;1078;
S9709-VER-4;1387;1337;
S9709-VER-6;1391;1341;
S9709-VER-8;918;868;
ZH877-GRI-37/38;100;50;
